status	school	source_name	source_set	source_number	source_type	source_text	gap_filled	our_type	engine_support	engine_notes	gated	lockout	limit	proposed_id	proposed_title	title_note	notes
built	storm	Orange Sidestep	CellSaga	021	Physical Combat	Stops a physical attack. Raise your anger 1 level.	Strike answers	strike	ready	defense.stops strike; op fervor +1	none	no		storm_rising_gust	Storm Rising Gust	Wind veers the blow aside and keeps rising = stops a Strike, your Fervor up	The school's clean Strike answer; today only storm_static_field stops a Strike and it is also an attack
built	storm	Orange Deflection	CellSaga	092	Physical Combat	Stops a physical attack. If you declared Tokui-Waza, stop your opponent's next physical attack in his next "Attacker Attacks!" phase.	Strike answers	strike	ready	defense.stops strike; op float what stop_next duration next_attack_phase	none	no		storm_twin_earthing	Storm Twin Earthing	Charge earthed twice over = stops this Strike and their next one	declared rider always on, so it reads as unconditional and the title takes both stops
built	storm	Orange Fist Detonation	FriezaSaga	028	Energy Combat	Stops an opponent's physical attack. Lower opponent's anger 1 level.	Strike answers	strike	ready	defense.stops strike; op fervor who opponent -1	none	no		storm_damping_guard	Storm Damping Guard	Damping the coil = stops a Strike and cools their Fervor	Storm's first Fervor denial of any kind; printed as an Energy Combat card but it only stops a Strike, so it is filed as a Strike answer
built	storm	Orange Gaze	CellSaga	107	Non-Combat	Stops a physical attack. Place this card at the bottom of your Life Deck after use.	Non-Combats	non_combat	ready	defense.stops strike; bottom_after_use	none	no		storm_returning_front	Storm Returning Front	A front that turns the blow and comes around again = stop, then back under the deck	One of only two non-Drill Non-Combats the printed Orange pool has
built	storm	Orange Burning Aura Drill	CellGamesSaga	070	Non-Combat	Defense Shield: Stops the first unstopped physical attack performed against you during Combat.	Drills	drill	ready	shield: "strike"	none	no		storm_mantle_drill	Storm Mantle Drill	A standing charge-mantle = shield that takes the first Strike	Storm's first Drill of any kind; also counts against the Strike-answer gap
built	storm	Orange Steady Drill	CellGamesSaga	076	Non-Combat	Defense Shield: Stops the first unstopped energy attack performed against you during Combat.	Drills	drill	ready	shield: "art"	none	no		storm_dispersal_drill	Storm Dispersal Drill	Charge spread across the coil = shield that takes the first Art	Pairs with storm_mantle_drill as a two-Drill shield row
built	storm	Orange Aura Drill	AndroidsSaga	065	Non-Combat	All of your energy attacks do +1 life card of damage. If you declared Toku-Waza, all of your energy attacks do +2 life cards of damage instead.	Drills	drill	ready	modifiers [{scope own, kind art, life 2}]	none	no		storm_tight_coil_drill	Storm Tight Coil Drill	A tighter coil = every Art of yours does more damage	declared rider always on, so the +2 branch is the printed effect; the standing Art damage floor Storm has never had
built	storm	Orange Body Shifting Drill	SaiyanSaga	146	Non-Combat	Allows the attacker to pay 1 stage instead of 2 on any energy attack.	Cheap or variable-cost Arts	drill	ready	art_cost_delta: -1 (as on storm_mastery)	none	no		storm_conduit_drill	Storm Conduit Drill	An easier path for the charge = your Arts cost 1 stage less	Stacks with Storm Mastery's own art_cost_delta, which is worth checking at deck-build time
built	storm	Orange Friendship	WorldGamesSaga	084	Non-Combat	Endurance 2. You can only use this card after you have taken 5 or more life cards of damage from 1 attack this Combat. If you declared a Tokui-Waza, search your discard pile for up to 3 Allies and place them in play at their highest power stage.	Non-Combats	non_combat	minor	endurance 2; op search source discard card_type ally to play, amount 3, up_to. Missing: a `when` for "took 5+ wounds from one attack this Combat"	none	no		storm_mustering_peal	Storm Mustering Peal	Thunder calling the company in = up to 3 Allies come back from the discard pile	declared rider always on, so the Ally return is unconditional. The only other non-Drill Non-Combat in the printed Orange pool. Off-theme for Storm (Ally support) but it is the card that exists
built	storm	Orange Dragon Aid	CellGamesSaga	014	Combat	Endurance 3. Take 1 or 2 of your opponent's Dragon Balls and place them at the bottom of his Life Deck.	Combat cards	combat	minor	endurance 3; op discard_in_play who opponent card_type seal amount 2 up_to choose. Missing: a `to: "deck_bottom"` destination on discard_in_play (defacement only removes)	none	no		storm_scattering_gale	Storm Scattering Gale	Wind scatters what they carved = their Seals go back under their deck	One of exactly two Combat cards the printed Orange pool has
built	storm	Orange Gambit	BuuSaga	085	Combat	Use when entering Combat. Reveal your hand to your opponent. If at least 3 cards in your hand are Orange Style Cards, attach this to your Main Personality. While attached, your Main Personality does not have to pay costs for any card effects.	Combat cards	combat	major	attachment exists; missing a cost-waiver rule (nothing in the engine suspends printed costs) and a reveal-hand-and-count condition	none	no		storm_free_current	Storm Free Current	Current running with nothing in its way = your card costs are waived	Taken only because the Orange pool prints no other Combat card. Drop it if a `major` is unwanted
built	storm	Orange Energy Stance	TuffEnough	TF13	Energy Combat	(Tuff Enuff Only) Stops an energy attack. If you declared a Tokui-Waza, gain 4 power stages. Lower your opponent's anger 1 level.	Energy gain / recovery	art	ready	defense.stops art; op energy +4 target duelist; op fervor who opponent -1	none	no		storm_catching_stance	Storm Catching Stance	Catching the charge instead of earthing it = stops an Art and fills your gauge	declared rider always on, so the 4 stages come with every catch. Printed with a tournament-format gate ("Tuff Enuff Only") that has no parallel here and would simply be dropped
built	storm	Orange Dashing Gut Punch	TrunksSaga	015	Physical Combat	Physical attack. Your main personality gains 3 power stages. Remove the top card of your opponents discard pile from the game.	Energy gain / recovery	strike	ready	attack strike; op energy +3 target duelist; op remove_discard who opponent amount 1 from top	none	no		storm_feeding_arc	Storm Feeding Arc	An arc that feeds the one who threw it = Strike, gain Energy, burn off their discard	Energy gain on the attack rather than on a block, which storm_recharge does not cover
built	storm	Orange Flying Drop Kick	WorldGamesSaga	022	Physical Combat	Physical attack doing +3 power stages of damage. If successful, raise your Main Personality to its highest power stage. Raise your anger 1 level.	Energy gain / recovery	strike	ready	attack strike stages 3; trigger if_successful op energy "max" target duelist; op fervor +1	none	no		storm_return_stroke	Storm Return Stroke	The stroke that runs back up the channel = a Strike that leaves you at full Energy	Third Energy refill, and the only one riding a real Strike
built	storm	Orange Beatdown	CellGamesSaga	069	Physical Combat	Endurance 3. Physical attack. If successful, look at your opponent's hand and choose a Physical Combat card. Your opponent discards the chosen card, if any.	Hand attack or Fervor denial	strike	ready	endurance 3; trigger if_successful op discard_hand who opponent amount 1 random false card_type strike	none	no		storm_wringing_squall	Storm Wringing Squall	A squall wringing them out = Strike that takes a Strike answer from their hand	Storm's first hand attack. Pulls a Strike answer specifically, so it is a beatdown enabler
built	storm	Orange Mouth Shot	BuuSaga	087	Energy Combat	Energy attack. Empower 3. All your other energy attacks do +1 life cards of damage for the remainder of Combat. Lower your opponent's anger 2 levels.	Hand attack or Fervor denial	art	ready	empower 3; op float what modifier duration combat params {scope own, kind art, life 1}; op fervor who opponent -2	none	no		storm_rolling_peal	Storm Rolling Peal	One peal makes the next louder = Art that raises the damage of your later Arts	Fervor denial plus a mid-Combat Art floor; pairs naturally with storm_coil_drill
built	storm	Orange Power Blast	CellSaga	055	Energy Combat	Energy attack doing 3 life cards of damage. Costs 0 power stages to perform.	Cheap or variable-cost Arts	art	ready	attack art printed_life 3 cost_stages 0	none	no		storm_idle_spark	Storm Idle Spark	The spark off an idle coil = a free Art, and a small one	The only free Art in the Orange pool; the answer to a dry gauge
built	storm	Orange Energy Concentration	CellGamesSaga	071	Energy Combat	Endurance 2. Energy attack. Costs 3 power stages to perform. If successful, and you declared a Tokui-Waza, your opponent discards a card from his hand.	Cheap or variable-cost Arts	art	ready	endurance 2; attack art cost_stages 3; trigger if_successful op discard_hand who opponent amount 1	none	no		storm_pent_discharge	Storm Pent Discharge	Charge penned up and let go = a costly Art that knocks a card from their hand	declared rider always on, so the hand discard is unconditional. The expensive end of the cost band, against storm_idle_spark's free end
built	storm	Orange Aggressive Technique	CellGamesSaga	075	Physical Combat	Focused physical attack doing +2 power stages of damage. If successful, all energy attacks this personality performs for the remainder of Combat do +2 life cards of damage.	workhorse	strike	ready	attack strike stages 2 focused; trigger if_successful op float what modifier duration combat params {scope own, kind art, life 2}	none	no		storm_opened_channel	Storm Opened Channel	The first stroke opens the channel = Focused Strike that raises your later Arts	A Strike that exists to make the Arts bigger, which is the shape storm_volley wants
built	storm	Orange Energy Discharge	CellSaga	052	Energy Combat	Energy attack doing 6 life cards of damage. Your opponent may not use Energy Combat cards to stop this attack.	workhorse	art	ready	attack art printed_life 6 no_stop_by art	none	no		storm_ungrounded_flash	Storm Ungrounded Flash	Nothing on their side left to earth it = an Art that Art cards cannot stop	Not counted as a lockout: it is a property of this one attack, not a Combat-wide forbid
built	storm	Orange Knockout	WorldGamesSaga	024	Physical Combat	Physical attack doing +4 power stages of damage. If successful, discard an opponent's Ally in play.	workhorse	strike	ready	attack strike stages 4; trigger if_successful op discard_in_play who opponent card_type ally amount 1 choose	none	no		storm_felling_gust	Storm Felling Gust	A gust that takes one of them off their feet = Strike that removes an Ally	Board removal on a Strike, which Storm has only ever had on Arts
built	storm	Orange Energy Shot	CellGamesSaga	073	Energy Combat	Energy attack doing 6 life cards of damage. If stopped, your opponent must discard the top 2 cards of his Life Deck.	workhorse	art	ready	attack art printed_life 6; trigger if_stopped op discard_life who opponent amount 2	none	no		storm_residual_shock	Storm Residual Shock	Charge still in the ground after it earths = mills 2 even when stopped	The 6-wound Art with a floor, against storm_lash's flat 5
built	storm	Orange Carnage	KidBuuSaga	061	Physical Combat	Endurance 2. Focused physical attack doing +3 power stages of damage. If successful, discard up to 4 of your opponent's Allies in play. Lower your opponent's anger 2 levels.	workhorse	strike	ready	endurance 2; attack strike stages 3 focused; trigger if_successful op discard_in_play who opponent card_type ally amount 4 up_to choose; op fervor who opponent -2	none	no		storm_levelling_wind	Storm Levelling Wind	Wind flattening the whole stand = Strike that sweeps their Allies and cools them	The late Ally sweep for the school; keep it out of early bundles
built	storm	Orange Flight	BuuSaga	084	Physical Combat	Endurance 3. Physical attack doing +4 power stages of damage. All of your other attacks do +1 power stages of damage for the remainder of Combat. Lower your opponent's anger 2 levels.	workhorse	strike	ready	endurance 3; attack strike stages 4; op float what modifier duration combat params {scope own, kind any, stages 1}; op fervor who opponent -2	none	no		storm_tailwind	Storm Tailwind	A wind behind everything after it = Strike that raises all your later attacks	Second card in the "first attack raises the rest" line with storm_opening_bolt
built	storm	Orange Taunting Attack	FriezaSaga	003	Energy Combat	Energy attack. Lower opponent's anger 2 levels.	workhorse	art	ready	attack art; op fervor who opponent -2	none	no		storm_cold_front	Storm Cold Front	A cold front moving over them = an Art that only takes their Fervor down	The plain Fervor-denial Art, so a Storm deck can police an Ascension clock
built	storm	Orange Sneak Attack	BuuSaga	089	Energy Combat	Energy attack doing 5 life cards of damage. Name a card that can perform a physical attack. Search your opponent's Life Deck for all copies of that card and discard them.	workhorse	art	minor	attack art printed_life 5; op name_card exists (counterplay_drill). Missing: naming into a search of the OPPONENT's Life Deck that discards every copy	none	yes		storm_silencing_static	Storm Silencing Static	Static that hushes one signal = name a card, strip every copy from their deck	Lockout by the naming rule, so late tier only. Also Storm's only reach into the opponent's deck
built	root	Namekian Power Stance Drill	CellGamesSaga	064	Non-Combat	Defense Shield: Stops the first unstopped physical attack performed against you during Combat.	Non-Combats	drill	ready	shield: "strike"	none	no		root_windbreak_drill	Root Windbreak Drill	A planted hedgerow = shield that takes the first Strike	Root's second Drill; the school currently has one
built	root	Namekian Ready Drill	CellGamesSaga	066	Non-Combat	Defense Shield: Stops the first unstopped energy attack performed against you during Combat.	Non-Combats	drill	ready	shield: "art"	none	no		root_canopy_drill	Root Canopy Drill	The canopy catching what falls = shield that takes the first Art	Pairs with root_windbreak_drill; between them the Seal deck survives a first exchange for free
built	root	Namekian Knowledge Drill	BabidiSaga	Preview 4	Non-Combat	When entering Combat, look at the top 2 cards of your Life Deck. You may place both cards either on top or on the bottom of your Life Deck in any order.	Non-Combats	drill	minor	trigger entering_combat op look_at amount 2 rearrange from top. Missing: a choice of top or bottom for the whole look (look_at has `rest`, not an either-end choice)	none	no		root_sightline_drill	Root Sightline Drill	A cleared sightline down the trail = look at your top 2 and order them	Reads your own deck where root_preparation_drill reads theirs, so the two stack rather than repeat
built	root	Namekian Fusion	CellSaga	149	Non-Combat	Raise your Main Personality to its highest power stage. Draw a card and show it to your opponent. If that card is a Namekian Style card, choose 2 cards from your discard pile and place them on the bottom of your Life Deck. Remove from the game after use.	Ungated recursion	non_combat	ready	op energy "max" target duelist; op draw_check school root reveal, effects [op search source discard amount 2 to deck_bottom]; remove_after_use	none	no		root_deep_draught	Root Deep Draught	Drinking the grove deep = full Energy, and spent cards back under the deck	Ungated where root_energy_deflection and root_dragon_blast are Verdant only
built	root	Namekian Finishing Effort	AndroidsSaga	062	Non-Combat	Play this card immediately after taking damage from an attack. Your opponent discards the top 3 cards from his Life Deck.	Non-Combats	non_combat	ready	trigger on_wound op discard_life who opponent amount 3	none	no		root_thorn_hedge	Root Thorn Hedge	Thorns tearing at whoever cut through = they mill 3 after they wound you	Uses the existing on_wound trigger rather than the use-when window README lists as not supported
built	root	Namekian Head Strike	TrunksSaga	066	Physical Combat	Heroes only. Physical attack. If successful, also capture a Dragon Ball from your opponent. Lower your opponent's anger 2 levels. Remove from the game after use.	Non-Combats that place or fetch Seals (partial)	strike	ready	attack strike; trigger if_successful op capture_seal; op fervor who opponent -2; remove_after_use	none	no		root_carvers_reach	Root Carver's Reach	Reaching across for their carving = Strike that takes a Seal and cools them	Printed "Heroes only", so it would take alignment_only: vigil. Closest the Namekian pool gets to the Seal gap; no Namekian Non-Combat places or fetches one
built	root	Namekian Power Kick	CellSaga	034	Physical Combat	Physical attack doing +3 power stages of damage.	Strikes	strike	ready	attack strike stages 3	none	no		root_timber_blow	Root Timber Blow	Standing timber coming down = a plain heavy Strike	The workhorse Strike the school has none of; root has two Strike cards today and one is a stop
built	root	Namekian Rock Crush	CellSaga	058	Physical Combat	Physical attack doing 6 life cards of damage. Costs 3 power stages to perform.	Strikes	strike	ready	attack strike printed_life 6 cost_stages 3	none	no		root_millstone	Root Millstone	A millstone turning = a costly Strike that grinds into the Life Deck	Life damage on a Strike, which Root only has on Arts
built	root	Namekian Upward Dash	CellSaga	049	Physical Combat	Physical attack. Place the bottom 2 cards from your discard pile at the bottom of your Life Deck.	Ungated recursion	strike	ready	attack strike; op search source discard amount 2 from bottom to deck_bottom	none	no		root_rising_sap	Root Rising Sap	Sap drawing back up the trunk = Strike that returns spent cards to your deck	Ungated recursion on an attack, so the Seal deck recycles while it pressures
built	root	Namekian Side Kick	CellSaga	094	Physical Combat	Physical attack doing +2 life cards of damage. If successful, draw the top card from your discard pile. Lower your opponent's anger 2 levels. Remove from the game after use.	Fervor interaction	strike	ready	attack strike printed_life 2; trigger if_successful op draw_discard amount 1 from top; op fervor who opponent -2; remove_after_use	none	no		root_pruning_cut	Root Pruning Cut	Pruning for regrowth = Strike that cools them and takes a card back from the discard	Root's first Fervor card of either direction
built	root	Namekian Flying Kick	CellGamesSaga	012	Physical Combat	Focused physical attack doing +3 power stages of damage. If successful, choose any cards in your discard pile and remove them from the game.	Strikes	strike	ready	attack strike stages 3 focused; trigger if_successful op remove_discard choose	none	no		root_deadfall	Root Deadfall	Dead wood cleared off the floor = Focused Strike that removes discards from the game	Root's only Focused Strike, which is how it goes around a Shield deck
built	root	Namekian Combo	WorldGamesSaga	066	Physical Combat	Physical attack doing 3 power stages of damage. If you declared a Tokui-Waza, this attack stays on the table to be used 2 more times this Combat. Remove from the game after use.	Strikes	strike	ready	attack strike stages 3; remain 2; remove_after_use	none	no		root_briar_tangle	Root Briar Tangle	A briar catching again and again = a Strike that remains for two more uses	declared rider always on, so the Remain is unconditional. One card covering three attack phases; Root has no Remain card at all today
built	root	Namekian Focused Kick	WorldGamesSaga	074	Physical Combat	Physical attack doing +5 power stages of damage. Gain 4 power stages. If performed against a Majin, this attack is a focused physical attack.	workhorse	strike	ready	attack strike stages 5; op energy +4 target duelist; attack.variants [{when {defender_tag ...}, focused true}]	none	no		root_quickening	Root Quickening	Sap quickening = the heaviest Strike, and it feeds your own gauge	Biggest plain Strike in the Namekian pool, and it pays for the next Art
built	root	Namekian Surprise Attack	WorldGamesSaga	020	Physical Combat	Physical attack doing +3 power stages of damage. If successful and you declared a Tokui-Waza, remove a Non-Combat card in play from the game.	Board removal	strike	ready	attack strike stages 3; trigger if_successful op discard_in_play who opponent card_type non_combat amount 1 remove choose	none	no		root_snare	Root Snare	A snare springing shut = Strike that removes a Non-Combat from the game	declared rider always on, so the removal is unconditional. Removes rather than discards, so it beats recursion. Root has zero board removal today
built	root	Namekian Shield Destruction	BuuSaga	079	Physical Combat	Endurance 3. Physical attack. Empower 4. Discard one of your opponent's Non-Combat, Ally, or Battleground cards in play. Lower your opponent's anger 2 levels.	Board removal	strike	ready	endurance 3; empower 4; op discard_in_play who opponent card_type non_combat_or_ally amount 1 choose after_empower; op discard_grounds after_empower; op fervor who opponent -2	none	no		root_splitting_wedge	Root Splitting Wedge	A wedge driven into what they built = breaks a Drill, an Ally or a Grounds	The only Root card that can answer a Grounds; pairs with root_snare
built	root	Namekian Tornado Attack	WorldGamesSaga	080	Physical Combat	Physical attack. If you declared a Tokui-Waza, this attack does 6 power stages of damage and raises your anger 1 level. Unless your Main Personality is Pikkon, remove from the game after use.	Fervor interaction	strike	ready	attack strike stages 6; op fervor +1; remove_after_use	none	no		root_grove_fury	Root Grove Fury	The grove's temper coming up = a 6-stage Strike that raises your Fervor	declared rider always on, so it always does 6 stages and always raises Fervor. Root's only Fervor gain, which its Aspect-4-and-5 duelist wants. The character clause on the removal simply becomes an unconditional remove_after_use
built	root	Namekian Crushing Hold	CellGamesSaga	010	Physical Combat	Endurance 2. Physical attack doing +3 power stages of damage. If you declared a Tokui-Waza, shuffle the top 2 cards of your discard pile back into your Life Deck. Remove from the game after use.	Ungated recursion	strike	ready	endurance 2; attack strike stages 3; op shuffle_discard amount 2; remove_after_use	none	no		root_bindweed	Root Bindweed	Bindweed holding them fast = Endurance Strike that shuffles growth back into your deck	declared rider always on, so the recursion is unconditional. Endurance plus recursion on one card, which is the whole Root survival plan
built	root	Namekian Fist Block	CellSaga	042	Physical Combat	Stops a physical attack. Gain 3 power stages.	Strikes	strike	ready	defense.stops strike; op energy +3 target duelist	none	no		root_sapwood_guard	Root Sapwood Guard	Sapwood taking the blow = stops a Strike and draws Energy up	The Strike-side twin of root_energy_catch, which does the same for Arts
built	root	Namekian Charging Stance	TuffEnough	TF14	Physical Combat	(Tuff Enuff Only) Stops a physical attack. If you declared a Tokui-Waza power up to full. Lower your opponent's anger 1 level.	Fervor interaction	strike	ready	defense.stops strike; op energy "max" target duelist; op fervor who opponent -1	none	no		root_taproot_brace	Root Taproot Brace	Bracing on the taproot = stops a Strike and pulls you to full Energy	declared rider always on, so the power-up to full comes with every block. Printed with a tournament-format gate that has no parallel here and would be dropped
built	root	Namekian Pikkon's Defense	WorldGamesSaga	078	Combat	Stops the next physical attack or energy attack performed against you this Combat. Remove from the game after use.	Universal stops	combat	ready	defense.stops "any"; remove_after_use	none	no		root_barred_path	Root Barred Path	A bough barred across the trail = stops the next attack of either kind	The only universal stop in the whole printed Namekian pool; the gap asks for 2. Title carries a character's name in the source and is dropped
built	root	Namekian Restoration	CellGamesSaga	059	Combat	Endurance 10. Shuffle the top card of your discard pile back into your Life Deck. Remove from the game after use.	Ungated recursion	combat	ready	endurance 10; op shuffle_discard amount 1; remove_after_use	none	no		root_closing_bark	Root Closing Bark	Bark closing over a wound = heavy Endurance, and one card back into the deck	Endurance 10 is the largest in the set; this is Root's answer to one big hit
built	root	Namekian Scouting	CellGamesSaga	068	Combat	Endurance 4. Look at the top 4 cards of your opponent's Life Deck. Remove 1 non-Dragon Ball card from the game and put the rest back in any order on top of the Life Deck.	workhorse	combat	minor	endurance 4; op look_at amount 4 role opposing rearrange. Missing: a `to: "removed"` pick out of another player's look_at (look_at picks to hand or play today)	none	no		root_trail_cut	Root Trail Cut	One thing cut out of the path ahead = look at their top 4 and remove one	Reaches into the opponent's deck, which no Root card does. The Seal exception in the printed text maps to Seals here
built	root	Namekian Frendship	AndroidsSaga	102	Combat	You must have an Ally in play to use this card. Discard all of your opponents' Non-Combat cards in play. Limit 1 per deck.	Board removal	combat	ready	when {ally_present}; op discard_in_play who opponent card_type non_combat all; remove_after_use; limit_per_deck 1	none	no	1	root_kin_clearing	Root Kin Clearing	Kin standing in a cleared glade = with an Ally out, every Non-Combat of theirs goes	Printed limit 1 and needs company on the table, so it is a late-tier card for an Ally-leaning Root deck
built	root	Namekian Energy Ray	CellSaga	007	Energy Combat	Energy attack. Lower your opponent's anger 1 level.	Fervor interaction	art	ready	attack art; op fervor who opponent -1	none	no		root_first_frost	Root First Frost	A thin early frost = the cheapest Art, and it takes their Fervor down	The plain Fervor-denial Art, and the cheapest attack Root can make
built	root	Namekian Focused Blast	WorldGamesSaga	072	Energy Combat	Focused energy attack doing 5 life cards of damage. Lower your opponent's anger 2 levels.	Fervor interaction	art	ready	attack art printed_life 5 focused; op fervor who opponent -2	none	no		root_auger_splinter	Root Auger Splinter	A splinter boring straight through = Focused Art that chills them	Root's only Focused Art; it goes around Shields and Masteries
built	root	Namekian Double Blast	WorldGamesSaga	067	Energy Combat	Energy attack doing 5 life cards of damage. If successful, discard a Non-Combat card in play. Remove from the game after use.	Board removal	art	ready	attack art printed_life 5; trigger if_successful op discard_in_play who opponent card_type non_combat amount 1 choose; remove_after_use	none	no		root_flung_stone	Root Flung Stone	A hurled stone = an Art that also knocks over a Non-Combat	Board removal on an Art, where root_snare is the Strike version
built	root	Namekian Eye Beam	WorldGamesSaga	069	Energy Combat	Energy attack doing 6 life cards of damage. If successful, place the bottom 3 cards of your discard pile at the bottom of your Life Deck. If stopped, remove the bottom 2 cards of your discard pile from the game.	Ungated recursion	art	ready	attack art printed_life 6; trigger if_successful op search source discard amount 3 from bottom to deck_bottom; trigger if_stopped op remove_discard amount 2 from bottom	none	no		root_scattered_seed	Root Scattered Seed	Seed thrown wide = lands and regrows your discard, stopped and the seed is lost	Pays whether it lands or not, which suits a deck that plans to be blocked
built	root	Namekian Energy Beam	CellSaga	108	Energy Combat	Energy attack doing 10 life cards of damage. Costs 4 power stages to perform. If successful, remove the top 3 cards of your Life Deck from the game. If this attack is stopped, discard your hand. Remove from the game after use.	workhorse	art	ready	attack art printed_life 10 cost_stages 4; trigger if_successful op remove_discard-style removal of own top 3 (op discard_life with remove) ; trigger if_stopped op discard_hand amount all; remove_after_use	none	no		root_old_growth	Root Old Growth	The oldest wood in the grove = a 10-wound Art that costs the grove to call on	A 10-wound finisher that can empty your own hand; late tier only
built	root	Namekian Piercing Beam	CellGamesSaga	063	Energy Combat	Endurance 2. Energy attack. If succesful, discard one of your opponent's Allies in play. Lower your opponent's anger 1 level.	Board removal	art	ready	endurance 2; attack art; trigger if_successful op discard_in_play who opponent card_type ally amount 1 choose; op fervor who opponent -1	none	no		root_culling_frost	Root Culling Frost	A killing frost = an Art that culls one of their Allies	Root's only answer to an Ally deck
