match	id	name	source	found_set	found_number	our_text	printed_text
ok	ancient_grove	Ancient Grove	Tree of Might (Cosmic Anthology)	CosmicAnthology	CA20	When entering Combat, search your Life Deck for a Freestyle Drill and put it into play. Your attacks do +2 Energy.	All of your attacks do +2 power stages of damage. When entering Combat, each player may search his Life Deck for a Freestyle Drill and place it into play.
ok	black_hands	Draik's Black Hands	Bojack's Double-Palmed Blitz (Bojack Unbound)	BojackUnbound	035	Sable Draik only. Art dealing 6 wounds. For the remainder of Combat, damage from your attacks cannot be prevented. If you have 2 or more Allies in play, Remain 1. Remove from the game after use.	Bojack only. Energy attack doing 6 life cards of damage. For the remainder of Combat, damage from your attacks cannot be prevented. If you have at least 2 Allies in play with the Bojack Unbound Subset Symbol, this card stays on the table to be used 1 more time this Combat. Remove from the game after use.
ok	blank_mask	The Blank Mask	North Kai Sensei (World Games Saga)	WorldGamesSaga	140	Reserve 13. Twice per game, during your Non-Combat step: Your opponent may not use a Mastery this turn. Limit 1 per deck.	(Deck Size: 13) Twice per game during your Non-Combat Step, you may choose an opponent. That opponent cannot use his Mastery for the remainder of the turn.
ok	blinding_flare	Blinding Flare	Krillin's Solar Flare (Cell Saga)	CellSaga	093	Art. Hit: Your opponent may not use Strike cards for the remainder of Combat.	Energy attack. If successful, your opponent may not play Physical Combat cards for the remainder of Combat.
ok	bonding_rite	Bonding Rite	The Fusion Dance (Buu Saga)	BuuSaga	149	Use in Combat: Bond the two named Allies: they leave play under their Bond card, which fights as one Ally at full Energy.	If you have Goten and Kid Trunks in play at the same personality level, you may fuse them with the Gotenks Fusion card of the same personality level.
ok	branns_shakedown	Brann's Shakedown	Bido's Charge (Bojack Unbound)	BojackUnbound	034	Strike doing +4 Energy. If Brann Draik is in control, your opponent discards a Non-Combat card in play of your choice and capture a Seal. Hit: Search your Life Deck for an Ally and put it into play at Energy 4.	Physical attack doing +4 power stages of damage. If used by Bido, discard one of your opponent's Non-Combat cards in play and capture a Dragon Ball. If successful, search your Life Deck for an Ally and place it into play at 4 power stages above 0.
ok	bravado_drill	Bravado Drill	Victorious Drill (World Championship)	WorldChampionship	SZ5	When entering Combat, lower your opponent's Fervor 2 and gain 2 Energy. May begin the game in play. Limit 1 per deck.	Before the first turn begins, you may search your Life Deck for this Drill and place it into play. When entering Combat, lower your opponent's anger 2 levels and your Main Personality gains 2 power stages. Limit 1 per deck.
ok	broken_rites	Broken Rites	Android 17 Smirks (Androids Saga)	AndroidsSaga	089	Your opponent removes all Drills in play from the game. Remove from the game after use. Limit 1 per deck.	Villans only. Choose 1 opponent and remove all of his Drills in play from the game. Limit 1 per deck. Remove from the game after use.
ok	captains_barrage	Captain's Barrage	Captain Ginyu's Energy Attack (Trunks Saga)	TrunksSaga	054	Art. Costs 3 Energy to perform. Raise your Fervor 2. Remove from the game after use.	Energy attack. Costs 3 power stages to perform. Raise your anger 2 levels. Remove from the game after use.
ok	clear_mind	Clear Mind	Krillin's Concentration (Frieza Saga)	FriezaSaga	087	Use in Combat: Search your Life Deck for a Combat card and put it into your hand. Limit 1 per deck.	Search your life deck for 1 combat card and put it into your hand.
ok	closing_ranks	Closing Ranks	Battle of the Saiyans (BMovie)	BMovie	M18	Your next attack does +2 wounds for each Ally you have in play. Draw a card. Remove from the game after use.	Saiyan Heritage only. Use when performing an attack. That attack does an additional +2 life cards of damage for each Saiyan Heritage personality card you have in play. Draw a card. Remove from the game after use.
ok	cold_appraisal	Cold Appraisal	Android 18's Stare Down (Androids Saga)	AndroidsSaga	090	Look at your opponent's hand and choose a card. They discard it.	Villains Only. Look at your opponent's hand and choose a card. Your opponent discards that card.
ok	counterplay_drill	Counterplay Drill	Caught Off Guard Drill (Cell Games Saga)	CellGamesSaga	111	When placed, name a card. Neither player may play or use it while this is in play. Limit 2 per deck.	Heroes only. When this Drill enters play, name a non-Dragon Ball card. That card cannot be played or used by either player while this Drill is in play. Limit 2 per deck.
ok	cut_short	Cut Short	Trunks Energy Sphere (Trunks Saga)	TrunksSaga	084	Use when needed. Stops the effects of any Combat card.	Stops the effects of any combat card. Use when needed.
ok	debtors_ring	The Debtor's Ring	South Kai Sensei (World Games Saga)	WorldGamesSaga	149	Reserve 5. Once per game, during your Non-Combat step: You may search your Life Deck for an aspect 1 Ally and put it into play at Energy 3. Limit 1 per deck.	(Deck Size: 5) Once per game during your Non-Combat Step, you may search your Life Deck for a level 1 Ally and place it in play at 3 power stages above 0.
ok	declaration	Declaration	Trunks Makes Himself Clear (Frieza Saga)	FriezaSaga	Preview 6	Art. Raise your Fervor 2. Lower your opponent's Fervor 2. Remove from the game after use. Limit 1 per deck.	Energy attack. Raise your anger 2 levels. Lower opponent's anger 2 levels. Limit 1 per deck. Remove from the game after use.
ok	dismissal	Dismissal	Cell's Presence (Cell Saga)	CellSaga	158	All Allies in play are removed from the game. Remove from the game after use. Limit 2 per deck.	Remove all Allies in play from the game. Limit 2 per deck. Remove from the game after use.
ok	draiks_reckoning	Draik's Reckoning	Bojack's Extreme Assailment (Bojack Unbound)	BojackUnbound	033	Focused Art dealing 5 wounds. Set your Fervor to 2. Set your opponent's Fervor to 2. Hit: You may shuffle your removed Allies into your Life Deck. Remove from the game after use.	Focused energy attack doing 5 life cards of damage. Set all player's anger levels to 2. If successful, you may shuffle any of your Allies that are removed from the game that have the Bojack Unbound Subset Symbol into your Life Deck. Remove from the game after use.
ok	edrics_vow	Edric's Vow	Wedding (Misc.)	Misc.	L4-6	Sir Edric Rooke only. Attach this card to your Dame Alder Rooke. While attached, the attached personality's when entering Combat, you may draw the bottom card of your discard pile. Dame Alder Rooke may have only 1 attached.	"Goku only. Attach to your Chi-Chi. While attached, you may draw the bottom card of your discard pile when entering Combat. Chi-Chi may only have 1 ""Wedding"" attached."
ok	eyes_beyond_the_gate	Eyes Beyond the Gate	Eyes of the Dragon (Saiyan Saga)	SaiyanSaga	157	After a successful attack, if the attack is an Art, you may search your Life Deck for a Seal and put it into play. If you do, capture a Seal. Limit 1 per deck.	After a successful energy attack, this card owner can pick a Dragon Ball out of his deck and capture a Dragon Ball from the damaged foe. Limit 1 per deck.
ok	first_cut	First Cut	Goku's Lucky Break (Saiyan Saga)	SaiyanSaga	202	Use in Combat: Search your Life Deck for a Seal and put it into play.	Draw an unused Dragon Ball from your life deck and place it down. Shuffle the life deck afterwards.
ok	foresight	Foresight	Expectant Trunks (Trunks Saga)	TrunksSaga	091	When entering Combat, search your discard pile for a Strike, Art, or Combat card and put it into your hand. Limit 1 per deck.	Use when entering combat. Search your discard for any one combat, physical combat, or energy combat card, show your opponent and place it in your hand.
ok	freestyle_mastery	Freestyle Mastery	Freestyle Mastery (Buu Saga)	BuuSaga	131	When entering Combat, if you have a card in hand, you may discard a Signature card from your hand. If you do, search your Life Deck for a Signature card and put it into your hand. Your Drills cannot be discarded for any reason, an aspect change included. Limit 1 per deck.	Your Drills cannot be discarded for any reason while they are in play. When entering Combat, you may discard a Named card that matches your Main Personality to search your Life Deck for a Named card that matches your Main Personality and place it into your hand.
ok	frostbound_moor	Frostbound Moor	Winter Countryside (Androids Saga)	AndroidsSaga	093	A card or effect that would raise a duelist's Fervor by more than 1 raises it by 1.	Any cards or effects that raise a Main Personality's anger more than 1 anger level only raises his anger 1 level.
ok	gates_boon	The Gate's Boon	Namek Dragon Ball Wish (Trunks Saga)	TrunksSaga	135	Use in Combat: End Combat. Choose up to 3 cards from your discard pile and shuffle them into your Life Deck. Remove from the game after use. Limit 1 per deck.	Ends a combat. Choose any 3 cards in your discard pile and shuffle them back into your life deck. Remove from the game after use. Limit 1 per deck.
ok	grounding_step	Grounding Step	Nappa's Energy Aura (Saiyan Saga)	SaiyanSaga	120	Stops an Art. Stops all Arts for the remainder of Combat. Remove from the game after use.	Stops an energy attack, and stop all energy attacks performed against you for the remainder of Combat. Remove from the game after use.
ok	guardian_drill	Guardian Drill	Trunks Guardian Drill (Androids Saga)	AndroidsSaga	125	Use in Combat: Place a Non-Combat card, Drill, or Seal from your hand into play. Once per Combat.	Heroes only. Once per combat, in place of an attack, you may place in play a Non-Combat card from your hand.
ok	halvards_twin_cut	Halvard's Twin Cut	Kogu's Dual Strike (Bojack Unbound)	BojackUnbound	023	Focused Strike doing +4 Energy. If Halvard Draik is in control, your opponent discards a card from hand. If Halvard Draik is in control, stops a Strike. Hit: Search your Life Deck for an Ally and put it into play at Energy 4.	Focused physical attack doing +4 power stages of damage. If used by Kogu, this card can stop a physical attack instead. If used by Kogu, your opponent discards a card from his hand. If successful, search your Life Deck for an Ally and place it into play at 4 power stages above 0.
ok	heirloom_blade	The Vale Heirloom	The Sword of Trunks (Bojack Unbound)	BojackUnbound	011	"Use in Combat: Attach this card to your duelist. While attached to your duelist: Your ""Sword"" attacks do +3 wounds. Wounds from those attacks are removed from the game. Limit 1 per deck."	"Attach to your Main Personality. While attached, any attacks performed by cards with ""Sword"" in the title do +3 life cards of damage, and any damage from those attacks are removed from the game instead of discarded. You can only have one ""The Sword of Trunks"" attached at a time."
ok	hired_blades	Hired Blades	Unexpected Allies (Saiyan Saga)	SaiyanSaga	218	Search your Life Deck or discard pile for an Ally and put it into play at Energy 10.	Pull an ally card from the discards or the life deck, play it and set its power stages at full.
ok	keepers_drill	Keeper's Drill	Goku's Capturing Drill (Saiyan Saga)	SaiyanSaga	237	Your Seals cannot be captured.	Prevents any Dragon Ball from being captured from this drill user.
ok	kept_at_bay	Kept at Bay	Super Saiyan Effect (Trunks Saga)	TrunksSaga	Preview 4	Your opponent may not perform Strikes for the remainder of Combat. Limit 1 per deck.	Your opponent may not perform physical attack cards for the remainder of Combat.
ok	kins_rescue	Kin's Rescue	Mommy's Coming Dear (Frieza Saga)	FriezaSaga	119	Use in Combat: For the remainder of Combat, all damage from attacks against you is prevented. If Marble Seal 7 is in play, discard this card after use instead. Remove from the game after use. Limit 1 per deck.	"Heroes only. Stops all attacks for the remainder of Combat. Remove from the game after use. Limit 1 per deck. If ""Earth Dragon Ball 7"" is in play, discard this card, instead of removing from the game."
ok	knife_volley	Knife Volley	Triple Torpedo (Bojack Unbound)	BojackUnbound	026	Endurance 2. Art, plus 2 wounds for each Ally you have in play. Raise your Fervor 1. Remain 1. The extra uses are an Ally's. Remove from the game after use.	Endurance 2. Energy attack doing +2 life cards of damage for each Ally in play with the Bojack Unbound Subset Symbol. Raise your anger 1 level. This card stays on the table to be used 1 more time by an Ally with the Bojack Unbound Subset Symbol. Remove from the game after use.
ok	last_gasp	Last Gasp	Straining Destruction Move (Cell Games Saga)	CellGamesSaga	120	Set your Energy to 0. Remove all of your discard pile from the game. Your opponent takes 5 wounds. Remove from the game after use. Limit 1 per deck.	Set your Main Personality to 0 and remove your discard pile from the game. Your opponent discards the top 5 cards of his Life Deck. Remove from the game after use. Limit 1 per deck.
ok	last_ward	Last Ward	Ultimate Defense (Kid Buu Saga)	KidBuuSaga	084	Stops a Strike or an Art. You may discard a card from your hand to stop a Focused attack.	(When your opponent uses a card effect besides damage that makes you discard or remove from the game the top cards of your Life Deck, you may discard this card from your hand to reduce the amount of cards by 10, to a minimum of 0.) Stops a physical or energy attack. You may discard a card from your hand to have this card be able to stop a focused attack.
ok	lingering_curse	Draik's Lingering Curse	Bojack's Left Palm Charge (Bojack Unbound)	BojackUnbound	028	Art dealing 5 wounds. Hit: Attach this card to one of your personalities. While attached, the attached personality's Arts do +2 wounds.	Energy attack doing 5 life cards of damage. If successful, attach this card to one of your personalities. While attached, any energy attacks the attached personality performs do +2 life cards of damage.
ok	lobbed_bolt	Lobbed Bolt	Energy Lob (Kid Buu Saga)	KidBuuSaga	049	Endurance 1. Art. Discard up to 1 of your Non-Combat cards in play. Search your Life Deck for a Non-Combat card and put it into play. Remove from the game after use.	Endurance 1. Energy attack. You may discard one of your Non-Combat cards in play to search your Life Deck for a Non-Combat card and place it into play. Remove from the game after use.
ok	lodestone_heart	The Lodestone Heart	Goku Sensei (Kid Buu Saga)	KidBuuSaga	102	Reserve 10. You cannot win by Ascension. Your opponent cannot lower your Fervor. Your opponent cannot lower your Aspect. Limit 1 per deck.	"(Deck Size: 10) You cannot win by the Most Powerful Personality Victory. Your opponent cannot use card effects to lower your Main Personality to other personality levels. Your opponent cannot keep you from raising your anger. Your opponent cannot lower your anger. Your opponent cannot reduce the amount of anger levels you would raise from a card. Your opponent's ""Winter Countryside"" does not affect your anger."
ok	lucky_find	Lucky Find	Hero's Lucky Break (Trunks Saga)	TrunksSaga	119	Use in Combat: Search your Life Deck for a Non-Combat card and put it into play. Limit 1 per deck.	Name a noncombat-nondragonball card. Search your life deck for a copy of that card and put it directly into play. Limit 1 per deck.
ok	marble_seal_2	Marble Seal 2	Namek Dragon Ball 2 (Trunks Saga)	TrunksSaga	003	Your opponent loses one Aspect. Limit 1 per deck.	Choose an opponent and reduce his Main Personality 1 personality level if possible.
ok	marble_seal_3	Marble Seal 3	Namek Dragon Ball 3 (Trunks Saga)	TrunksSaga	079	Draw the bottom 3 cards of your discard pile. Limit 1 per deck.	Draw up to 3 cards from the bottom of your discard pile into your hand.
ok	marble_seal_4	Marble Seal 4	Namek Dragon Ball 4 (Trunks Saga)	TrunksSaga	080	Your opponent discards all Non-Combat cards in play. Limit 1 per deck.	Discard all opponents noncombat-nondragonball cards in play.
ok	marble_seal_5	Marble Seal 5	Namek Dragon Ball 5 (Trunks Saga)	TrunksSaga	136	Raise your duelist's Energy to full. Raise your Fervor 1. Place the top 2 cards of your discard pile at the bottom of your Life Deck. Limit 1 per deck.	Raise your main personality to it's highest power stage. Raise your anger level 1. Place the top 2 cards from your discard pile on the bottom of your life deck.
ok	marble_seal_6	Marble Seal 6	Namek Dragon Ball 6 (Trunks Saga)	TrunksSaga	113	You may raise your Fervor 2. If you do not, lower your opponent's Fervor 2. Limit 1 per deck.	Raise your anger 2 levels, or lower an opponents anger 2 levels.
ok	marble_seal_7	Marble Seal 7	Namek Dragon Ball 7 (Trunks Saga)	TrunksSaga	114	Capture a Seal. Limit 1 per deck.	Capture any other Dragon Ball.
ok	moth_seal_1	Moth Seal 1	Alt. Namek Dragon Ball 1 (Kid Buu Saga)	KidBuuSaga	001	Draw until you have 3 cards in hand. Raise your Fervor 2. Lower your opponent's Fervor 2. Limit 1 per deck.	Draw cards until you have 3 cards in your hand. Raise your anger 2 levels. Lower your opponent's anger 2 levels.
ok	moth_seal_3	Moth Seal 3	Alt. Namek Dragon Ball 3 (Kid Buu Saga)	KidBuuSaga	003	Draw the bottom 3 cards of your discard pile. Gain 5 Energy. Remove up to 6 cards of your opponent's discard pile from the game. Limit 1 per deck.	Draw the bottom 3 cards of your discard pile. Gain 5 power stages. Remove up to 6 cards in your opponent's discard pile from the game.
ok	moth_seal_4	Moth Seal 4	Namek Dragon Ball 4 (Trunks Saga)	TrunksSaga	080	Your opponent discards all Non-Combat cards in play. Limit 1 per deck.	Discard all opponents noncombat-nondragonball cards in play.
ok	mutual_escalation	Mutual Escalation	Aura Clash (Cell Games Saga)	CellGamesSaga	108	Raise your Fervor 6. Raise your opponent's Fervor 6. You cannot win by Ascension for the rest of the game.	Both players gain 6 anger. You cannot win by the Most Powerful Personality Victory.
ok	no_quarter	No Quarter	Gohan's Kick (Cell Games Saga)	CellGamesSaga	008	Strike doing +3 Energy. Neither player may use cards that end Combat or use cards that stop all attacks for the remainder of Combat.	Physical attack doing +3 power stages of damage. Cards that end Combat, or cards that stops all physical attacks or energy attacks, cannot be used for the remainder of Combat
ok	old_habit	Old Habit	Cell's Backslap (Cell Games Saga)	CellGamesSaga	058	Strike. Draw the bottom card of your discard pile. Remove from the game after use.	Physical attack. Draw the bottom card of your discard pile and place it in your hand. Remove from the game after use.
ok	overreach	Overreach	Supreme Kai's Ki Push (Buu Saga)	BuuSaga	148	Focused Art. If your duelist is aspect 2 or higher, you may lose one Aspect. If you do, your next attack does +7 wounds. Remove from the game after use.	Focused energy attack. If you declared a Tokui-Waza and your Main Personality is above level 1, you may have him lose a personality level to have this attack do an additional +7 life cards of damage. Remove from the game after use.
ok	parley	Parley	Dream Fighting (Saiyan Saga)	SaiyanSaga	199	End Combat. Place the bottom card of your discard pile at the bottom of your Life Deck. Remove from the game after use.	This combat ends and the defender places the bottom discarded card back at the bottom of his life deck. Discard this card from the game after use.
ok	planted_feet	Planted Feet	Vegeta's Physical Stance (Saiyan Saga)	SaiyanSaga	028	Stops a Strike. Stops all Strikes for the remainder of Combat. Remove from the game after use.	Stops a physical attack, and stop all physical attacks performed against you for the remainder of Combat. Remove from the game after use.
ok	practiced_guard	Practiced Guard	Tien's Block (Cell Games Saga)	CellGamesSaga	092	Stops a Strike. Raise your Fervor 1. Search your discard pile for a Drill and put it into play.	Stops a physical attack. Raise your anger 1 level. Search your discard pile for a Drill and place it in play.
ok	pyre_ashfall	Pyre Ashfall	Red Vigor Orb (Buu Saga)	BuuSaga	031	Art dealing 3 wounds. Empower 3. Your opponent removes a Drill or Ally in play of your choice from the game. Lower your opponent's Fervor 2.	Energy attack doing 3 life cards of damage. Empower 3. Remove one of your opponent's Allies or Drills in play from the game. Lower your opponent's anger 2 levels.
ok	pyre_backdraft	Pyre Backdraft	Red Back Kick (Saiyan Saga)	SaiyanSaga	058	Strike doing +3 Energy. Stops all Arts for the remainder of Combat. Lower your opponent's Fervor 1.	Physical Attack doing +3 stages of damage if successful. Stops all energy attacks for the rest of this combat. Foe's anger level decreases by 1.
ok	pyre_blazing_charge	Pyre Blazing Charge	Red Power Rush (Trunks Saga)	TrunksSaga	075	Strike doing +3 Energy. Damage cannot be prevented. Cannot be stopped by Strike cards. Raise your Fervor 1. Remove from the game after use.	Physical attack doing +3 power stages of damage. This attack cannot be stopped or prevented by Physical Combat cards. Raise your anger 1 level. Remove from the game after use.
ok	pyre_comet_fall	Pyre Comet Fall	Red Shattering Leap (Trunks Saga)	TrunksSaga	063	Strike doing +4 Energy. Remain 1. Remove from the game after use.	Physical attack doing +4 power stages of damage. This card stays in play to be used 1 more time during this combat. Remove from the game after use.
ok	pyre_firestorm	Pyre Firestorm	Red Lightning Slash (Trunks Saga)	TrunksSaga	076	Strike. Hit, instead of dealing damage, you may choose one: your opponent discards all Allies in play or your opponent discards all Drills in play. Raise your Fervor 1.	Physical attack. If successful, you may discard all of the defender's allies or Drills in play instead of dealing damage. Raise your anger 1 level.
ok	pyre_flame_lash	Pyre Flame Lash	Red Whiplash (Fusion Saga)	FusionSaga	118	Endurance 2. Strike doing +4 Energy. Empower 2. Raise your Fervor 1. If stopped, look at the bottom 5 cards of your Life Deck. You may put a Strike or Art card from among them into your hand. Put the rest back in any order.	Endurance 2. Physical attack doing +4 power stages of damage. Raise your anger 1 level. Empower 2. If stopped, search the bottom 5 cards of your Life Deck for a Physical Combat card and place it into your hand. The remaining cards are placed on top of your Life Deck in any order.
ok	pyre_flashover	Pyre Flashover	Red Tilted Punch (Babidi Saga)	BabidiSaga	086	Strike doing +3 Energy. If your opponent used a Combat card this Combat, Remain 2. Remove from the game after use.	Sensei Deck. Physical attack doing +3 power stages of damage. If you declared a Tokui-Waza and your opponent has used a Combat card earlier this Combat, this card stays on the table to be used 2 more times this Combat. Remove from the game after use.
ok	pyre_furnace_breath	Pyre Furnace Breath	Red Overbearing Attack (Misc.)	Misc.	INF1	Strike doing +4 Energy. Raise your Fervor 2. Remove from the game after use.	Physical attack doing +4 power stages of damage. If you declared a Tokui-Waza, gain 2 anger. Remove from the game after use.
ok	pyre_immolation	Pyre Immolation	Red Energy Blast (Trunks Saga)	TrunksSaga	077	Art. Your opponent removes a Drill or Ally in play of your choice from the game. Raise your Fervor 1.	Energy attack. Remove one of the defender's allies or Drills in play from the game. Raise your anger 1 level.
ok	pyre_kindling	Pyre Kindling	Red Puppy Slap (Kid Buu Saga)	KidBuuSaga	026	Strike doing +3 wounds. Raise your Fervor 1. For the remainder of Combat, your other Pyre attacks are Focused.	Physical attack doing +3 life cards of damage. Raise your anger 1 level. For the remainder of Combat, all of your other Red Style attacks are focused attacks.
ok	pyre_mastery	Pyre Mastery	Red Style Mastery (Buu Saga)	BuuSaga	144	When you perform an attack, if the attack is Pyre and the attack is not Focused, you may take a wound. If you do, this attack is Focused. After you stop an attack with a Pyre card that does not remove itself from the game, place it on the bottom of your Life Deck. Limit 1 per deck.	When you perform a Red Style attack, you may discard the top card of your Life Deck to make it a focused attack. After you stop an attack with a Red Style card that does not remove itself from the game, place it on the bottom of your Life Deck.
ok	pyre_rekindling	Pyre Rekindling	Red Axe Heel Kick (Kid Buu Saga)	KidBuuSaga	112	"Strike doing +6 Energy. Raise your Fervor 1. Search your discard pile for a Pyre attack card other than ""Pyre Rekindling"" and put it into your hand. Remove from the game after use."	"Physical attack doing +6 power stages of damage. Raise your anger 1 level. Choose a Red Style attack in your discard pile except ""Red Axe Heel Kick"" and place it into your hand. Remove from the game after use."
ok	pyre_scouring_flame	Pyre Scouring Flame	Red Face Upheaval (Trunks Saga)	TrunksSaga	068	Strike. Hit: Your opponent removes a Non-Combat card in play of your choice from the game. Raise your Fervor 1.	Physical attack. If successful, also choose and remove one Non-Combat/non-Dragon Ball card in play from the game. Raise your anger 1 level.
ok	pyre_searing_guard	Pyre Searing Guard	Red Passive Block (Buu Saga)	BuuSaga	029	Endurance 1. Stops a Strike. Your opponent takes a wound. Raise your Fervor 1. Gain 5 Energy.	Endurance 1. Stops a physical attack. Your opponent discards the top card of his Life Deck. Raise your anger 1 level. Gain 5 power stages.
ok	pyre_snuffing	Pyre Snuffing	Red Face Slap (Babidi Saga)	BabidiSaga	108	Strike doing +3 Energy. If your opponent's Fervor is 0, damage cannot be prevented and raise your Fervor 1. Your opponent may not use Powers for the remainder of Combat.	Physical attack doing +3 power stages of damage. Your opponent may not use personality powers and Constant Combat Powers for the remainder of Combat. If your opponent's current anger level is 0, this attack cannot be prevented, and raise your anger 1 level.
ok	pyre_twin_flames	Pyre Twin Flames	Red Double Strike (World Games Saga)	WorldGamesSaga	095	Strike. Raise your Fervor 1. Remain 1.	Physical attack. Raise your anger 1 level. If you declared a Tokui-Waza, this card stays on the table to be used 1 more time this Combat.
ok	quarrs_crushing_blow	Quarr's Crushing Blow	Saiyan Broly Smash (BMovie)	BMovie	M11	Endurance X. X = 6 if Halden Quarr is your duelist, otherwise 3. Strike doing +2 wounds. If Halden Quarr is in control, +3 Energy and your opponent discards a Non-Combat card in play of your choice.	Endurance X. X = 6 if Broly is your Main Personality, otherwise X = 3. Physical attack doing +2 life cards of damage. If used by Broly, this attack does an additional +3 power stages of damage and discards one of your opponent's Non-Combat cards in play.
ok	quarrs_roar	Quarr's Roar	Broly's Might (BMovie)	BMovie	M8	Art dealing 6 wounds. If Halden Quarr is in control, your opponent may not use Combat cards for the remainder of Combat. Remove from the game after use.	Energy attack doing 6 life cards of damage. If used by Broly, your opponent cannot use Combat cards for the remainder of Combat. Remove from the game after use.
ok	quick_retreat	Quick Retreat	Goku's Flight (Fusion Saga)	FusionSaga	Preview 1	Stops a Strike or an Art. Raise your Fervor 1. For the remainder of Combat, the next attack against you is stopped.	Stops a physical or energy attack. Raise your or your opponent's anger 1 level. If you declared a Freestyle Tokui-Waza, stops the next physical or energy attack performed against you this Combat. If used by Goku, place this card at the bottom of your Life Deck after use.
ok	quickness_drill	Quickness Drill	Vegeta's Quickness Drill (Saiyan Saga)	SaiyanSaga	221	When entering Combat, draw the bottom card of your discard pile. Limit 1 per deck.	At the beginning of each combat, draw 1 card from the bottom of the discard pile to use.
ok	recalled_lesson	Recalled Lesson	Fatherly Advice (Misc.)	Misc.	J1	Use in Combat: Search your Life Deck or discard pile for a Strike or Art card and put it into your hand. Limit 1 per deck.	Search your deck or discard pile for a physical combat or energy combat card. Limit 1 per deck.
ok	reckless_lunge	Reckless Lunge	Majin Vegeta's Frantic Attack (Babidi Saga)	BabidiSaga	068	Strike doing +1 Energy. Hit: Raise your Fervor 1. Remain 1. Remove from the game after use.	Physical attack doing +1 power stages of damage. If successful, raise your anger 1 level. This card stays in play to be used one more time this Combat. Remove from the game after use.
ok	respite	Respite	Battle Pausing (Saiyan Saga)	SaiyanSaga	204	Draw the top 2 cards of your discard pile. Your opponent gains 5 Energy. Limit 1 per deck.	The attacker draws 2 cards from his discard pile. The defender raises 5 stages if possible.
ok	revision_drill	Revision Drill	Champion Drill (World Championship)	WorldChampionship	SZ3	Use in Combat: Discard a card from your hand. Draw 2 cards. Once per Combat. Limit 1 per deck.	Once per Combat, in place of an attack, discard a card from your hand and draw the top two cards from your Life Deck. Limit 1 per deck.
ok	rookes_deluge	Rooke's Deluge	Motherly Rage (Misc.)	Misc.	X3	Dame Alder Rooke only. Your opponent discards all Non-Combat cards in play. Remove from the game after use.	Chi-Chi only. Discard all of your opponent's Non-Combat cards in play. Remove from the game after use.
ok	root_destruction_blast	Root Uprooting Blast	Namekian Destruction Blast (Cell Saga)	CellSaga	013	Art dealing 7 wounds. Costs 4 Energy to perform.	Energy attack doing 7 life cards of damage. Costs 4 power stages to perform.
ok	root_dragon_blast	Root Wyrmwood Blast	Namekian Dragon Blast (Cell Games Saga)	CellGamesSaga	060	Art, plus 1 wound for each Marble Seal in play. Choose X cards from your discard pile and place them on the bottom of your Life Deck. X = the number of Marble Seals in play.	Namekian Heritage only. Energy attack doing +X life cards of damage. Choose X cards from your discard pile and place them on the bottom of your Life Deck. X = the number of Namek Dragon Balls in play.
ok	root_energy_catch	Root Rain Catch	Namekian Energy Catch (Cell Saga)	CellSaga	045	Stops an Art. Gain 3 Energy.	Stops an energy attack. Gain 3 power stages.
ok	root_energy_deflection	Root Barkskin Deflection	Namekian Energy Deflection (Cell Saga)	CellSaga	096	Stops an Art. Shuffle the top and bottom cards of your discard pile into your Life Deck.	Namekian Heritage only. Stops an energy attack. Shuffle the top and bottom cards from your discard pile into your Life Deck.
ok	root_energy_focus	Root Grove Focus	Namekian Energy Focus (Cell Saga)	CellSaga	153	Draw the bottom card of your discard pile. If that card is a Root card, search your Life Deck for an Art and put it into your hand. Remove from the game after use.	Draw the bottom card from your discard pile. If that card is a Namekian Style card, you may search your Life Deck for an Energy Combat card and place it in your hand. Remove from the game after use.
ok	root_firm_stance	Root Oaken Stance	Namekian Physical Stance (Cell Saga)	CellSaga	012	Stops a Strike. Lower your opponent's Fervor 1.	Stops a physical attack. Lower your opponent's anger 1 level.
ok	root_mastery	Root Mastery	Namekian Style Mastery (Trunks Saga)	TrunksSaga	147	When entering Combat, you may draw the bottom card of your discard pile. If that card is a Root card, raise your duelist's Energy to full. Limit 1 per deck.	When entering any combat, you may draw the bottom card of your discar pile into your hand, if that card is a Namekian style card, raise your main personality to it's highest power stage.
ok	root_preparation_drill	Root Tracker's Drill	Namekian Preparation Drill (Cell Saga)	CellSaga	119	When entering Combat as the opposing player, look at the top 5 cards of your Life Deck and put them back in any order.	When entering Combat as the defender, look at the top 5 cards from your Life Deck and put them back on top in any order.
ok	sabotage	Sabotage	Android 19's Energy Burst (Androids Saga)	AndroidsSaga	004	Art. Your opponent removes a Drill in play of your choice from the game.	Villains only. Energy attack. Remove an opponent's Drill in play from the game.
ok	scattered_ashes	Scattered Ashes	Kid Buu's Prepped Crash (Kid Buu Saga)	KidBuuSaga	107	Focused Art. Empower 2. Hit: Choose a player and remove their whole discard pile from the game. Raise your Fervor 1.	Focused energy attack. Empower 2. If successful, choose a player and remove his discard pile from the game. Raise your anger 1 level.
ok	scatters_the_ashes	Ashmark Scatters the Ashes	Majin Buu's Heel Kick (Fusion Saga)	FusionSaga	011	Endurance 1. Strike doing +4 Energy. Remove the top 5 cards of your opponent's discard pile from the game. Gain 3 Energy.	Endurance 1. Physical attack doing +4 power stages of damage. Remove 5 cards in your opponent's discard pile from the game. The personality performing this attack gains 3 power stages.
ok	seal_seizure	Seal Seizure	Earth Dragon Ball Capture (Saiyan Saga)	SaiyanSaga	188	Capture a Seal.	Capture an opponent's Dragon Ball.
ok	sever_the_leyline	Sever the Leyline	Cell's Threatening Position (Androids Saga)	AndroidsSaga	C6	Set your opponent's duelist to aspect 1. Remove from the game after use. Limit 1 per deck.	Villains only. Reduce your opponent's Main Personality to its level 1 personality card. Limit 1 per deck. Remove from the game after use.
ok	shade_hex_recall	Shade Hex Recall	Black Buffer Block (Kid Buu Saga)	KidBuuSaga	036	Stops a Strike or an Art. Search your discard pile for a card that makes your opponent discard from hand and put it into your hand. Remove from the game after use.	Stops a physical or energy attack. Search your discard pile for a card that discards a card from your opponent's hand and draw it into your hand. Remove from the game after use.
ok	shade_mastery	Shade Mastery	Black Style Mastery (Trunks Saga)	TrunksSaga	145	Your attacks do +1 Energy and +1 wound. Your Shade attacks do +2 Energy and +2 wounds instead. Limit 1 per deck.	All of your successful attacks do +1 power stage and +1 life card damage. Black style cards do +2 life cards and +2 power stages damage instead.
ok	shade_mind_rot	Shade Mind Rot	Black Chaos Detonation (Kid Buu Saga)	KidBuuSaga	095	Art. Costs 3 Energy to perform. Hit: Your opponent discards 2 cards from hand.	Energy attack. Costs 3 power stages to perform. If successful, your opponent discards 2 cards from his hand.
ok	shade_nightmare_hold	Shade Nightmare Hold	Black Right Kick (Buu Saga)	BuuSaga	124	Endurance 1. Strike doing +2 Energy. Empower 3. Your opponent discards a card from hand. Remove from the game after use.	Endurance 1. Villains only. Physical attack doing +2 power stages of damage. Empower 3. Your opponent discards a card from his hand. Remove from the game after use.
ok	shade_oblivion_touch	Shade Oblivion Touch	Black Swivel Kick (Kid Buu Saga)	KidBuuSaga	038	Strike doing +3 Energy. Your opponent removes a card in hand from the game.	Physical attack doing +3 power stages of damage. Your opponent must remove from the game 1 non-Dragon Ball card in his hand. If your opponent has only Dragon Balls in his hand, he must show you his hand but no cards are removed from the game.
ok	shade_umbral_lash	Shade Umbral Lash	Black Turning Kick (Saiyan Saga)	SaiyanSaga	070	Art dealing 5 wounds. Stops a Strike. Raise your Fervor 1.	Energy Attack doing 5 life card draws of damage or stops a physical attack. Raise card user's anger level 1.
ok	shade_unraveling	Shade Unraveling	Black Pivot Kick (Babidi Saga)	BabidiSaga	095	Strike doing +3 Energy. Your opponent discards a Non-Combat card or Ally in play of your choice. Your opponent may discard a card from hand. If they do not, your opponent removes a Non-Combat card or Ally in play of your choice from the game.	Sensei Deck only. Physical attack doing +3 power stages of damage. Discard one of your opponent's Non-Combat cards or Allies in play. Unless your opponent discards a card from his hand when you perform this attack, remove an additional Non-Combat card or Ally in play from the game.
ok	shade_veil	Shade Veil	Black Defensive Aura (Trunks Saga)	TrunksSaga	017	Stops a Strike or an Art. Costs 1 Energy to use.	Stops an opponent's physical or energy attack. Costs 1 power stage to perform.
ok	shrugs_it_off	Quarr Shrugs It Off	Broly's Supreme Power (BMovie)	BMovie	M10	Halden Quarr only. Stops a Strike or an Art. Remain 1. If used only once this Combat, shuffle it into your Life Deck at the end of Combat. Remove from the game after use. Limit 2 per deck.	Broly only. Stops a physical or energy attack. This card stays on the table to be used 1 more time this Combat. If used a second time this Combat, remove it from the game. At the end of Combat, if this card is used only once this Combat, shuffle it back into your Life Deck. Limit 2 per deck.
ok	smoke_screen	Smoke Screen	Tien's Solar Flare (Androids Saga)	AndroidsSaga	087	Art. Hit: End Combat.	Energy attack. If successful, end Combat.
ok	spoiled_rite	Spoiled Rite	Don't You Just Hate That (Trunks Saga)	TrunksSaga	125	Use in Combat: Your opponent removes 2 Non-Combat cards in play of your choice from the game. Remove from the game after use. Limit 1 per deck.	Remove all of your opponents non-combat-non-dragonball cards in play from the game. Remove from game after use. Limit 1 per deck.
ok	steady_hand	Steady Hand	Vegeta's Plans (Saiyan Saga)	SaiyanSaga	228	Use in Combat: Search your Life Deck for a Seal and put it into play. Remove from the game after use.	Get a Dragon Ball card from the life deck and put it into play. Remove from game after one use.
ok	steel_battering_ram	Steel Battering Ram	Saiyan Dashing Kick (Kid Buu Saga)	KidBuuSaga	028	Strike doing +8 Energy. Raise your Fervor 1.	Physical attack doing +8 power stages of damage. Raise your anger 1 level.
ok	steel_bracing	Steel Bracing	Saiyan Brace (Kid Buu Saga)	KidBuuSaga	079	"Stops a Strike or an Art. Raise your Fervor 1. You may search your Life Deck for a ""Steel Standoff"" card and put it into your hand. Remove from the game after use."	"Stops a physical or energy attack. Raise your anger 1 level. You may search your Life Deck for ""Saiyan Truce Card"" and place it into your hand. Remove from the game after use."
ok	steel_bull_charge	Steel Bull Charge	Saiyan Charge (BMovie)	BMovie	M12	Strike dealing 7 Energy. If your duelist's Might is higher, your opponent may not use a Mastery this turn.	Physical attack doing 7 power stages of damage. If the personality performing this attack has a higher power rating than the personality defending against this attack, your opponent cannot use Mastery and Sensei cards for the remainder of the turn.
ok	steel_crushing_weight	Steel Crushing Weight	Saiyan Cliff Slam (BMovie)	BMovie	M13	Strike doing +3 Energy. If your duelist's Might is higher, your opponent discards a Non-Combat card in play of your choice.	Physical attack doing +3 power stages of damage. If the personality performing this attack has a higher power rating than the personality defending against this attack, discard one of your opponent's Non-Combat cards in play.
ok	steel_dead_weight	Steel Dead Weight	Saiyan Beef (Kid Buu Saga)	KidBuuSaga	117	Strike doing +3 Energy. Empower 2. Until the end of your next turn, your opponent's duelist and Allies cannot gain Energy. Remove from the game after use.	Physical attack doing +3 power stages of damage. Empower 2. Your opponent's personalities cannot gain power stages until the end of your next turn. Remove from the game after use.
ok	steel_forearm_guard	Steel Forearm Guard	Saiyan Wrist Block (Androids Saga)	AndroidsSaga	080	Stops a Strike. Your opponent's duelist loses 3 Energy.	Stops a phisical attack. If you declared Toku-Waza, your opponent's Main Personality loses 3 power stages.
ok	steel_hammer_blow	Steel Hammer Blow	Saiyan Direct Strike (Buu Saga)	BuuSaga	035	Endurance 4. Strike doing +3 Energy and +2 wounds.	Endurance 4. Physical attack doing +3 power stages of damage and +2 life cards of damage.
ok	steel_headbutt	Steel Headbutt	Saiyan Heads Up (Androids Saga)	AndroidsSaga	078	Strike. Hit: Your opponent discards up to 2 Non-Combat cards and Allies in play of your choice.	Physical attack. If successful and you declared Toku-Waza, discard up to 2 of your opponent's Non-Combat cards or Allies in play.
ok	steel_immovable_guard	Steel Immovable Guard	Saiyan Perfect Defense (Fusion Saga)	FusionSaga	085	If your duelist's Might is higher, stops a Strike. Remain 99. Remove from the game after use. Limit 1 per deck.	Use only if your Main Personality has a higher power rating than your opponent's Main Personality. Stops a physical attack. If you declared a Tokui-Waza, this card stays on the table to be used multiple times this Combat. Remove from the game after use. Limit 1 per deck.
ok	steel_iron_fist	Steel Iron Fist	Saiyan Fist Attack (Cell Games Saga)	CellGamesSaga	026	Endurance 3. Strike doing +4 Energy.	Endurance 3. Physical attack doing +4 power stages of damage.
ok	steel_iron_knee	Steel Iron Knee	Saiyan Gut Kick (Fusion Saga)	FusionSaga	083	Endurance 2. Strike doing +3 Energy. Lower your opponent's Fervor 1. Hit: Search your Life Deck for a Seal and put it into play. Remove from the game after use.	Endurance 2. Physical attack doing +3 power stages of damage. Lower your opponent's anger 1 level. If successful and you declared a Tokui-Waza, search your Life Deck for a Dragon Ball and place it into play. Remove from the game after use.
ok	steel_ironhide	Steel Ironhide	Saiyan Stop (Kid Buu Saga)	KidBuuSaga	029	Stops a Strike or an Art. Gain 7 Energy.	Stops a physical or energy attack. Gain 7 power stages.
ok	steel_mastery	Steel Mastery	Saiyan Style Mastery (Cell Saga)	CellSaga	130	When entering Combat, discard the top card of your Life Deck. If it is a Steel card, draw 2 cards. Otherwise, draw a card. Limit 1 per deck.	When entering Combat, discard a life card. If that card is a Saiyan Style card, draw 2 cards. If that card is not a Saiyan Style card, draw 1 card.
ok	steel_piston_slam	Steel Piston Slam	Saiyan Acute Rapid Slam (Kid Buu Saga)	KidBuuSaga	116	Focused Strike doing +5 Energy. For the remainder of Combat, Steel attacks you use go to the bottom of your Life Deck instead.	Focused physical attack doing +5 power stages of damage. For the remainder of Combat, when you use a Saiyan Style card to perform an attack, it is placed on the bottom of your Life Deck after use instead of being discarded or removed.
ok	steel_scar_tissue	Steel Scar Tissue	Saiyan Youth Bruise (Kid Buu Saga)	KidBuuSaga	083	Endurance 2. Strike doing +4 Energy. Shuffle 3 Steel cards from your discard pile into your Life Deck. Remove from the game after use.	Endurance 2. Physical attack doing +4 power stages of damage. Shuffle 3 Saiyan Style cards in your discard pile into your Life Deck. Remove from the game after use.
ok	steel_shockwave	Steel Shockwave	Saiyan Power Beam (Buu Saga)	BuuSaga	108	Art. Empower 3. Your opponent may not use a Mastery or use Drills for the remainder of Combat. Remove from the game after use.	Saiyan Heritage only. Energy attack. Empower 3. If you declared a Tokui-Waza then for the remainder of Combat your opponent cannot use his Mastery card and Drills. Remove from the game after use.
ok	steel_skull_crack	Steel Skull Crack	Saiyan Headshot (Babidi Saga)	BabidiSaga	120	Strike doing +3 wounds. Damage cannot be prevented. Draw a card. Raise your Fervor 1. Limit 1 per deck.	Sensei Deck only. Physical attack doing +3 life cards of damage. Damage from this attack cannot be prevented. Draw a card and raise your anger 1 level.
ok	steel_standoff	Steel Standoff	Saiyan Truce Card (Saiyan Saga)	SaiyanSaga	203	End Combat. The turn ends. Until the end of your next turn, you keep your hand through the Discard step. Remove from the game after use. Limit 1 per deck.	Stops this combat. The turn ends, and the user may hold all his extra cards until his next turn. Discard from the game after use.
ok	steel_tempering	Steel Tempering	Saiyan Destiny (Androids Saga)	AndroidsSaga	081	Strike doing +3 Energy. Remain 1. Remove from the game after use.	Physical attack. If you declared Tokui-Waza, this attack does +3 power stages of davage and remains in play to be used 1 more time this Combat. Remove from the game after use.
ok	steel_triple_shock	Steel Triple Shock	Saiyan Triple Blast (Cell Games Saga)	CellGamesSaga	029	Focused Art dealing 3 wounds. Hit: Draw a card.	Focused energy attack doing 3 life cards of damage. If successful, draw a card.
ok	stillness	Stillness	Time is a Warrior's Tool (Frieza Saga)	FriezaSaga	030	Stops a Strike or an Art. Stops all attacks for the remainder of Combat. Limit 1 per deck.	Stops all attacks from an opponent in this combat. Limit 1 per deck.
ok	stokes_the_coals	Ashmark Stokes the Coals	Cookie! (Buu Saga)	BuuSaga	062	Bram Ashmark only. Use in Combat: Raise your duelist's Energy to full. Shuffle 5 cards from your discard pile into your Life Deck. Raise your Fervor 1. You may remove a Signature card from your discard pile to shuffle this card into your Life Deck.	"Majin Buu only. Raise Majin Buu to his highest power stage. Shuffle 5 cards in your discard pile into your Life Deck. Raise your anger 1 level. You may remove a ""Majin Buu's Magical Ray"" from your discard pile to shuffle this card back into your Life Deck after use."
ok	storm_arc_bolt	Storm Arc Bolt	Orange Rage (Androids Saga)	AndroidsSaga	105	Art dealing 5 wounds. Raise your Fervor 2.	Energy attack doing 5 life cards of damage. If you declared Toku-Waza, raise your anger 2 levels.
ok	storm_charged_ward	Storm Charged Ward	Orange Energy Guard (Buu Saga)	BuuSaga	024	Endurance 3. Stops an Art. For the remainder of Combat, your attacks do +2 Energy. Raise your Fervor 1.	Endurance 3. Stops an energy attack. For the remainder of Combat, all of your attacks do +2 power stages of damage. Raise your anger 1 level.
ok	storm_maelstrom	Storm Maelstrom	Orange Massacre (Kid Buu Saga)	KidBuuSaga	111	Endurance 2. Strike doing +4 Energy. Empower 2. For the remainder of Combat, damage from your attacks cannot be prevented. Hit: All Freestyle Drills in play are removed from the game.	Endurance 2. Physical attack doing +4 power stages of damage. For the remainder of Combat, damage from your attacks cannot be prevented. Empower 2. If successful, remove from the game all Freestyle Drills in play.
ok	storm_mastery	Storm Mastery	Orange Style Mastery (Trunks Saga)	TrunksSaga	146	Your Arts do +1 wound. Your Arts cost 1 less Energy, to a minimum of 1. Limit 1 per deck.	All energy attacks performed by your main personality do +1 life card damage if successful or cost 1 less power stage to perform to a minimum of 1. Orange style energy attacks do +1 life card damage if successful and cost 1 less power stage to perform to a minimum of 1, instead.
ok	storm_overcharge	Storm Overcharge	Orange Uppercut (Androids Saga)	AndroidsSaga	072	Strike doing +4 Energy. If your duelist has 2 or more Energy, you may lose 2 Energy. If you do, search your Life Deck for an Art and put it into your hand. Remove from the game after use. Limit 1 per deck.	Physical attack doing 4+ power stages of damage. If you declared Toku-Waza, you may pay 2 power stages to search your Life Deck for an Energy Combat card, show it to your opponent, and place it in your hand. Remove from the game after use.
ok	storm_recharge	Storm Recharge	Orange Strength (Fusion Saga)	FusionSaga	015	Endurance 2. Strike doing +2 Energy. Raise your duelist's Energy to full.	Endurance 2. Physical attack doing +2 power stages of damage. Raise your Main Personality to his highest power stage.
ok	storm_smiting_bolt	Storm Smiting Bolt	Orange Stare Down (Androids Saga)	AndroidsSaga	070	Art. Your opponent removes a Non-Combat card or Ally in play of your choice from the game.	Energy attack. If you declared Toku-Waza, remove an opponent's Non-Combat card or Ally in play from the game.
ok	storm_static_field	Storm Static Field	Orange Energy Setup (Cell Games Saga)	CellGamesSaga	072	Art. Stops a Strike. Remove from the game after use.	Energy attack. If you declared Tokui-Waza, you may use this card to stop a physical attack instead. Remove from the game after use.
ok	storm_thunderhead	Storm Thunderhead	Orange Obliteration (Kid Buu Saga)	KidBuuSaga	064	Art. Empower 3. Your opponent discards up to 3 Drills in play of your choice. For the remainder of Combat, your next Endurance prevents all remaining damage.	Energy attack. Empower 3. Discard up to 3 of your opponent's Drills in play. The next time you use Endurance this Combat, prevent the rest of the damage the attack would have dealt.
ok	sword_sweep	Sword Sweep	Gohan's Sword Sweep (Buu Saga)	BuuSaga	014	Strike doing +2 Energy. Hit: Your opponent discards up to 4 Allies in play of your choice.	Physical attack doing +2 power stages of damage. If successful, discard up to 4 of your opponent's Allies in play.
ok	sword_thrust	Sword Thrust	Gohan's Sword Thrust (Buu Saga)	BuuSaga	015	Strike doing +2 Energy. Hit: Your opponent discards 2 Non-Combat cards in play of your choice.	Physical attack doing +2 power stages of damage. If successful, discard 2 of your opponent's Non-Combat cards in play.
ok	swordplay_drill	Swordplay Drill	Gohan's Swordplay Drill (Buu Saga)	BuuSaga	065	"Your ""Sword"" attacks do +2 Energy. ""If successful"" lines on your ""Sword"" attacks resolve as secondary effects."	"All your attacks with ""Sword"" in the title do +2 power stages of damage. You may use any ""If successful"" effects on cards with ""Sword"" in the title as if they were secondary effects."
ok	terms_of_the_pact	Terms of the Pact	Cell's Defense (Androids Saga)	AndroidsSaga	C4	Choose Strikes or Arts: all attacks of that kind are stopped for the remainder of Combat, yours included. Remove from the game after use. Limit 1 per deck.	Villains only. Stops all physical or all energy attacks for the remainder of Combat. Remove from the game after use. Limit 1 per deck.
ok	tide_breakwater	Tide Breakwater	Blue Energy Guard (Fusion Saga)	FusionSaga	042	Stops an Art. For the remainder of Combat, Arts against you deal no wounds. Remove from the game after use. Limit 1 per deck.	Stops an energy attack. If you declared a Tokui-Waza, prevents all life cards of damage from energy attacks your opponent performs for the remainder of Combat. Remove from the game after use. Limit 1 per deck.
ok	tide_confluence	Tide Confluence	Blue Alliance (Kid Buu Saga)	KidBuuSaga	039	Art dealing 5 wounds. If performed by an Ally, focused. Empower 3. If you have an Ally in play, your opponent discards a Drill in play of your choice.	Energy attack doing 5 life cards of damage. Empower 3. If you have an Ally in play, discard one of your opponent's Drills in play. If performed by an Ally, this attack is focused.
ok	tide_depths	Tide Depths	Blue Terror (Androids Saga)	AndroidsSaga	099	Art dealing 3 wounds. Search your Life Deck for a card and put it into your hand. Remove from the game after use. Limit 1 per deck.	Energy attack doing 3 life cards of damage. If you declared Toku-Waza, search your Life Deck for any 1 card and place it in your hand. Remove from the game after use.
ok	tide_drowning	Tide Drowning	Blue Betrayal (Androids Saga)	AndroidsSaga	054	Strike. Your opponent removes a Non-Combat card or Ally in play of your choice from the game.	Physical attack. If you declared Toku-Waza, remove an opponent's Non-Combat card or Ally in play from the game.
ok	tide_ebb	Tide Ebb	Blue Defensive Flight (Androids Saga)	AndroidsSaga	013	Stops a Strike. Lose any amount of Energy. For each Energy lost, lower your opponent's Fervor 1.	Stops a physical attack. You may choose to have your Main Personality lose any number of power stages, to a minimum of 0. For every power stages you lose in this way, lower your opponent's anger 1 level.
ok	tide_mastery	Tide Mastery	Blue Style Mastery (Trunks Saga)	TrunksSaga	149	After a successful attack, if the attack is Tide, lower your opponent's Fervor 1. Your opponent needs 6 Fervor to rise an aspect. Limit 1 per deck.	Your opponent must now reach 6 anger to gain a personality level. All successful blue style attacks also lower your opponents anger by 1 level.
ok	tide_springwater	Tide Springwater	Blue Healing Ray (Buu Saga)	BuuSaga	007	Art. Search your discard pile for an Ally and put it into play at Energy 3. Hit: Raise its Energy to full. Remove from the game after use.	Energy attack. You may search your discard pile for any level 1 Ally and place it into play at 3 power stages above 0. If successful, raise that Ally to his highest power stage. Remove from the game after use.
ok	tide_surge	Tide Surge	Blue Arm Blast (Cell Games Saga)	CellGamesSaga	041	Art dealing 5 wounds. Stops a Strike.	Energy attack doing 5 life cards of damage, or stops a physical attack.
ok	tide_torrent	Tide Torrent	Blue Draining Blast (Buu Saga)	BuuSaga	052	Art. Costs 0 Energy to perform. You may pay any amount of Energy; each 2 paid adds 1 wound.	Energy Attack. Costs 0 power stages to perform. The personality performing this attack may pay any amount of power stages. For ever 2 power stages paid, this attack does an additional +1 life cards of damage.
ok	tide_twin_swell	Tide Twin Swell	Blue Double Blast (Kid Buu Saga)	KidBuuSaga	009	Art dealing 3 wounds, plus wounds equal to your Surge Rate. Remain 1.	Energy attack doing 3 life cards of damage. This attack does an additional +X life cards of damage, where X is your Main Personality's PUR. This attack stays on the table to be used one more time this Combat.
ok	tide_undertow	Tide Undertow	Blue Round Throw (Saiyan Saga)	SaiyanSaga	013	Strike doing +5 Energy. Stops an Art. Lower your opponent's Fervor 1.	Physical Attack doing +5 stages of damage if successful or stops an energy attack. Lower foe's anger level by 1.
ok	tollgate_yard	Tollgate Yard	Majin Babidi's Ship (Babidi Saga)	BabidiSaga	035	All Energy and life card costs are doubled.	If a card has a cost in power stages or life cards, the cost is doubled after any other modifiers are applied.
ok	trampled_crossroads	Trampled Crossroads	City in Turmoil (Androids Saga)	AndroidsSaga	092	Neither player may use Non-Combat cards.	Non-Combat cards may not be used.
ok	unerring_bolt	Unerring Bolt	Krillin's Heat Seeking Blast (Trunks Saga)	TrunksSaga	130	Art. Cannot be stopped. Damage cannot be prevented. Remove from the game after use.	Energy attack. This attack cannot be stopped or prevented. Remove from the game after use.
ok	unyielding_guard	Unyielding Guard	Nappa's Physical Resistance (Saiyan Saga)	SaiyanSaga	121	Stops a Strike. Stops all Strikes for the remainder of Combat. Remove from the game after use.	Stops a physical attack, and stop all physical attacks performed against you for the remainder of Combat. Remove from the game after use.
ok	vales_insight	Vale's Insight	Trunks Finds The Answer (Trunks Saga)	TrunksSaga	Preview 6	Use in Combat: Search your Life Deck for up to 2 Signature cards and put them into your hand. Remove from the game after use.	Search your Life Deck for up to 2 Trunks Named cards and put them in your hand. Remove from the game after use.
ok	vales_pommel_bash	Vale's Pommel Bash	Trunks Back Bash (Bojack Unbound)	BojackUnbound	021	Endurance 2. Strike doing +4 Energy. If Caedan Vale is your duelist and your previous attack was stopped, your opponent skips their next attack phase. Raise your Fervor 1.	"Endurance 2. Physical attack doing +4 power stages of damage. Raise your anger 1 level. If used by Trunks and you stopped an opponent's attack during his previous ""Attacker Attacks"" phase, your opponent must pass during his next ""Attacker Attacks"" phase."
ok	vales_riposte	Vale's Riposte	Trunks Swiftly Moving (Trunks Saga)	TrunksSaga	099	Stops a Strike. In your next attack phase you may repeat the attack it stopped.	Stops a Physical Attack. In your next attack phase, perform the exact same attack that this card stopped.
ok	vesnas_ambush	Vesna's Ambush	Zangya's Leaping Rush Down (Bojack Unbound)	BojackUnbound	022	Focused Strike doing +4 Energy. If Vesna Draik is in control, for the remainder of Combat, your opponent's Allies cannot take control or take damage. Hit: Search your Life Deck for an Ally and put it into play at Energy 4.	Focused physical attack doing +4 power stages of damage. If used by Zangya, for the remainder of Combat your opponent's Allies cannot take control of Combat and cannot have damage redirected to them. If successful, search your Life Deck for an Ally and place it into play at 4 power stages above 0.
ok	vessels_calibration	Vessel's Calibration	Android 13's Prepared Stance (BSMovie Promo)	BSMoviePromo	M10	"Art. If The Ninth Vessel is your duelist, search your Life Deck for an Automaton card other than ""Vessel's Calibration"" and put it into your hand. Remove from the game after use."	"Energy attack. If performed by a Main Personality with ""Android"" in the title, search your Life Deck for any card with ""Android"" in the title except ""Android 13's Prepared Stance"" and place it into your hand. Remove from the game after use."
ok	vessels_sidestep	Vessel's Sidestep	Android 19's Dodge (BSMovie Promo)	BSMoviePromo	M31	Stops a Strike. Search your Life Deck for a Storm card and put it into your hand. Remove from the game after use.	Android 19 only. Stops a physical attack. Search your Life Deck for an Orange Styled card and place it into your hand. Remove from the game after use.
ok	wardens_measure	Warden's Measure	Bulma's Scouter (Frieza Saga)	FriezaSaga	120	Use in Combat: Search your Life Deck for a Seal and put it into play. Remove from the game after use. Limit 1 per deck.	Heroes only. Pick a dragon ball from your life deck and play it. Remove from the game after use. Limit 1 per deck.
ok	warding_call	Warding Call	The Power of the Dragon (Cell Games Saga)	CellGamesSaga	101	Search your Life Deck or discard pile for an Ally and put it into play at Energy 3. Your opponent discards all Seals in play. Limit 1 per deck.	Select an Ally from your Life Deck or discard pile and place it in play at 3 power stages above 0. Shuffle all of your opponent's Dragon Balls back into his Life Deck. Limit 1 per deck.
ok	will_not_break	Ashmark Will Not Break	Majin Buu's Invincibility (Buu Saga)	BuuSaga	074	Bram Ashmark only. Use during your attack phase or against an attack. Stops nothing. For the remainder of Combat, all damage from attacks against you is prevented. Limit 1 per deck.	"Majin Buu only. You may use this card during either your ""Attacker Attacks"" phase or 'Defender Defends' phase. Prevent all damage from all attacks performed against you this Combat. Limit 1 per deck."
set	absorbing_drill	Absorbing Drill	Android 20 Absorbing Drill (Trunks Saga Preview)	TrunksSaga	Preview 1	Stops an Art. Costs 2 life cards to use.	Discard 2 life cards to stop an energy attack.
set	chisel_work	Chisel Work	Vegeta's Smirk (BK Promo BK7)	BKPromo	BK7	Use in Combat: Search your Life Deck for a Seal and put it into play.	Select any Dragonball in your deck and put itinto play.
set	clean_sweep	Clean Sweep	DELETED! (Colossal Redemption)	CollosalRedemption	CR8	Strike doing +6 Energy. Costs 6 Energy to perform. Hit: Your opponent discards up to 6 Non-Combat cards in play of your choice. Remove from the game after use.	Physical attack doing +6 power stages of damage. Costs 6 power stages to perform. If successful, discard up to 6 Non-Combat cards in play. Remove from the game after use.
set	dead_air	Dead Air	Frieza's Force Bubble (FS Promo)	FSPromo	P5	Stops an Art. Stops all Arts for the remainder of Combat. Limit 1 per deck.	Stop all energy attacks in this combat.
set	defacement	Defacement	HUH??? (WGS Promo)	WGSPromo	P4	Use in Combat: Remove a Seal in play from the game. Remove from the game after use. Limit 1 per deck.	Sensei Deck Only. Remove a Dragon Ball in play from the game. Limit 1 per deck. Remove from game after use.
set	keen_eye	Keen Eye	Krillin's Search (AS Promo)	ASPromo	P4	Draw a card. If it is a Signature card, draw a card. Remove from the game after use. Limit 1 per deck.	Draw a card. If that card is a named card, show it to your opponent and draw another card. Remove from the game after use.
set	marble_seal_1	Marble Seal 1	Namek Dragon Ball 1 (Trunks Saga)	Trunkssaga	025	Draw until you have 3 cards in hand. Place the top 2 cards of your discard pile at the bottom of your Life Deck. Limit 1 per deck.	Draw cards until you have 3 in your hand. Place the top 2 cards in your discard pile at the bottom of your life deck. This card is not considered a Namekian fighting style card.
set	moth_seal_2	Moth Seal 2	Namek Dragon Ball 2 (Alt. or original; only 1, 3, 4 are verified against the sample deck)	TrunksSaga	003	Gain 5 Energy. Draw a card. Limit 1 per deck.	Choose an opponent and reduce his Main Personality 1 personality level if possible.
set	moth_seal_5	Moth Seal 5	Namek Dragon Ball 5 (Alt. or original; only 1, 3, 4 are verified against the sample deck)	TrunksSaga	136	Place the top 3 cards of your discard pile at the bottom of your Life Deck. Raise your Fervor 1. Limit 1 per deck.	Raise your main personality to it's highest power stage. Raise your anger level 1. Place the top 2 cards from your discard pile on the bottom of your life deck.
set	moth_seal_6	Moth Seal 6	Namek Dragon Ball 6 (Alt. or original; only 1, 3, 4 are verified against the sample deck)	TrunksSaga	113	Your opponent takes 3 wounds. Limit 1 per deck.	Raise your anger 2 levels, or lower an opponents anger 2 levels.
set	moth_seal_7	Moth Seal 7	Namek Dragon Ball 7 (Alt. or original; only 1, 3, 4 are verified against the sample deck)	TrunksSaga	114	Draw 3 cards. Limit 1 per deck.	Capture any other Dragon Ball.
set	old_trick	Old Trick	Hercule's Amazing Techniques (KB Promo)	KBPromo	P6	Search your Reserve for an attack card and put it into your hand. Remove from the game after use. Limit 2 per deck.	"Search your Sensei Deck for a card that performs an attack and play it during this ""Attacker Attacks"" phase. Remove from the game after use."
set	porcelain_smile	Vessel's Porcelain Smile	Android 16 Smiles (AS Promo)	ASPromo	P7	Stops a Strike. If The Ninth Vessel is your duelist, search your discard pile for an Automaton card and put it into your hand. Remove from the game after use.	"Stops physical attack. If the defending personality has ""Android"" in the card title, search your discard pile for 1 card with ""Android"" in the card title and place it in your hand. Remove from the game after use."
set	pyre_cinder_guard	Pyre Cinder Guard	Red Blocking Hand (FS Promo)	FSPromo	P9	Stops a Strike. Raise your Fervor 2. Gain 2 Energy.	Stops a physical attack. Raise your anger and power stages by 2. 
set	quiet_study	Quiet Study	Trunks Thinking (CS Promo)	CSPromo	P8	Draw a card. If it is one of your duelist's Signature cards, draw a card. Limit 1 per deck.	"Draw a card. If that card has ""Trunks"" in the card title, draw another card."
set	rallying_call	Rallying Call	Gathering of Heroes (CCPP)	CCPP	GB7	Raise your duelist's and every Ally's Energy to full. Search your Life Deck or discard pile for an Ally and put it into play at Energy 3. Remove from the game after use.	Raise all of your personalities to their highest power stage. Search your Life Deck or discard pile for an Ally and place it in play at 3 power stages above 0. Remove from game after use.
set	root_dash	Root Boar Rush	Namekian Dash (CCPP GB4)	CCPP	GB4	Strike doing +5 Energy. Raise your duelist's Energy to full. Shuffle 4 cards from your discard pile into your Life Deck. Remove from the game after use.	Physical attack doing +5 power stages of damage. If you declared a Tokui-Waza, raise your Main Personality to his highest power stage, then shuffle the top 4 cards of your discard pile into your Life Deck. Remove from game after use.
set	shade_dread_grip	Shade Dread Grip	Black Body Destruction (CCPP)	CCPP	GB6	Strike doing +4 Energy. Stops a Strike. Your opponent discards a card from hand at random. Remove from the game after use.	Physical attack doing +4 power stages of damage, or stops a physical attack. If you declared a Tokui-Waza, discard a random card from your opponent's hand. Remove from game after use.
set	sharp_rebuke	Sharp Rebuke	Good Advice (Frieza Saga Preview 4)	FriezaSaga	Preview 4	Art dealing 8 wounds. Lower your opponent's Fervor 3. Remove from the game after use. Limit 1 per deck.	Energy Attck doing 8 life cards of damage. Lowers opponent's anger 3 levels. Remove from the game after use. Limit 1 per deck.
set	sleight	Sleight	Krillin's Trick (BK Promo BK3)	BKPromo	BK3	Use in Combat: Capture a Seal. Remove from the game after use.	Steal a Dragon Ball of your choice. Remove this card from game after use.
set	steel_iron_jab	Steel Iron Jab	Saiyan Face Jab (Irwin Toy promo IR23)	Irwin	IR23	Strike doing +3 Energy. Hit: Your opponent pays 2 more Energy for their next attack this Combat.	Physical attack doing +3 power stages of damage. If successful, your opponent pays +2 power stages for his next attack in this Combat.
set	storm_chain_lightning	Storm Chain Lightning	Orange Scatter Shot (CCPP)	CCPP	GB3	Art dealing 5 wounds. Remain 1. Remove from the game after use.	Energy attack doing 5 life cards of damage. If you declared a Tokui-Waza, this card stays on the table to be used 1 more time this Combat. Remove from game after use.
set	sun_seal_1	Sun Seal 1	Earth Dragon Ball 1	SaiyanSaga	015	Raise your duelist's Energy to full. Draw a card. Limit 1 per deck.	Instantly power up to full and draw a card.
set	sun_seal_2	Sun Seal 2	Earth Dragon Ball 2	SaiyanSaga	016	Raise your Fervor 1. Gain 3 Energy. Limit 1 per deck.	All foes have their power ratings changed to 2 stages higher than 0.
set	sun_seal_3	Sun Seal 3	Earth Dragon Ball 3	SaiyanSaga	075	Draw 3 cards. Place the top card of your discard pile at the bottom of your Life Deck. Limit 1 per deck.	Draw three cards and place the top discarded card at the bottom of your life deck.
set	sun_seal_4	Sun Seal 4	Earth Dragon Ball 4	SaiyanSaga	076	Your opponent discards all Non-Combat cards in play. Limit 1 per deck.	End the very next combat you are forced into before you sustain damage. Your anger level increases 2.
set	sun_seal_5	Sun Seal 5	Earth Dragon Ball 5	SaiyanSaga	077	Raise one of your personalities' Energy to full. Raise your Fervor 2. Draw 2 cards. Place the top 2 cards of your discard pile at the bottom of your Life Deck. Limit 1 per deck.	Raise any of your personalities to its highest power stage. Raise your anger 2 levels. Draw 2 cards. Then place the top 2 discarded cards at the bottom of your life deck.
set	sun_seal_6	Sun Seal 6	Earth Dragon Ball 6	SaiyanSaga	186	Your opponent discards a card from hand at random. Raise your Fervor 1. Limit 1 per deck.	This card ends a combat and the user is powered up to full. Shift all opponents' anger levels down 2.
set	sun_seal_7	Sun Seal 7	Earth Dragon Ball 7	SaiyanSaga	187	Draw 2 cards. Raise your Fervor 2. Limit 1 per deck.	Play this card during combat to end the battle. Pick 3 cards out of your discard pile and place them at the top of your life deck. All opponents' anger levels shift down 2.
set	vales_quickstep	Vale's Quickstep	Trunks Speedy Flight (Trunks Saga)	Misc.	K5	Strike doing +4 Energy. Empower 2. Lower your opponent's Fervor 2. If Caedan Vale is your duelist, search your discard pile for a Signature card and put it into your hand. Remove from the game after use.	Physical attack doing +4 power stages of damage. Empower 2. Lower your opponent's anger 2 levels. If used by Trunks or Kid Trunks, place a Trunks or Kid Trunks Named card from your discard pile into your hand. Remove from the game after use.
set	vales_sword_draw	Vale's Sword Draw	Trunks Sword Slice (Trunks Saga)	Misc.	TR3	"Strike doing +4 Energy. Raise your Fervor 1. Hit: Search your Life Deck for a ""Sword"" card other than ""Vale's Sword Draw"" and put it into your hand."	"Physical attack doing +4 power stages of damage. Raise your anger 1 level. If successful, search your Life Deck for any card with ""Sword"" in the title that is not ""Trunks' Sword Slice"" and place it into your hand."
set	wall_of_flame	Ashmark's Wall of Flame	Majin's Perfect Defense (Buu Saga)	WGSPromo	P5	Bram Ashmark only. Stops a Strike or an Art. Can stop a Focused attack. Remove from the game after use.	Majin Only. Stops a physical or energy attack. This card can stop a focused attack. Remove from the game after use.
set	watchful_eye	Watchful Eye	Confrontation (TS Promo)	TSPromo	P2	Look at your opponent's hand and shuffle a card of your choice into their Life Deck.	Heroes only.  Look at your opponents hand, choose 1 card and shuffle that card back into their Life Deck.
missing	all_or_nothing	All or Nothing	Gohan's All or Nothing (Misc.)			Focused Strike doing +4 Energy. Cannot be stopped by Strike cards. Raise your Fervor 1. Remove from the game after use.	
missing	bonded_pair	Ansel and Tavin, Back to Back	Gotenks (Lv 1, Buu Saga)			Bond of Ansel Rooke and Tavin Vale. Enters play only through a Bonding card, at full Energy, with both under it. At the start of each of your turns a life card goes under it; at 5 the Bond ends and both return at 3 Energy. Limit 1 per deck.	
missing	committed_cut	Committed Cut	Goku's Committed Cut (Buu Promo)			Endurance 3. Strike doing +4 Energy. If your duelist is aspect 2 or higher, +4 wounds and Focused. Hit: Search your Life Deck for a Drill and put it into play.	
missing	companion_alpha	Wren Rooke	Pan, Granddaughter of Goku (Lv 1, Kid Buu Saga)			Limit 1 per deck.	
missing	companion_beta	Sir Edric Rooke	Super Saiyan Goku (M-Level 1, BSMovie Promo)			Limit 1 per deck.	
missing	companion_delta	Ansel Rooke	Goten, the Playful (Lv 1, World Games Saga)			Limit 1 per deck.	
missing	companion_gamma	Tavin Vale	Kid Trunks, Teenager (Lv 1, Kid Buu Saga)			Limit 1 per deck.	
missing	duelist_alpha_a1	Bram Ashmark, Kindled	Majin Buu, Evil Buu (Lv 1, Fusion Saga)			Surge 2. Power: Strike doing +3 Energy. Gain 5 Energy. If stopped, draw a card.	
missing	duelist_alpha_a2	Bram Ashmark, Wildfire	Kid Buu, Majin Buu (Lv 4, Kid Buu Saga)			Surge 5. Power: Focused Art, plus the Strike Table result in Energy. Costs 0 Energy to perform. Lower your opponent's Fervor 2.	
missing	duelist_alpha_a3	Bram Ashmark, Unquenchable	Kid Buu, Majin Buu (Lv 5, Kid Buu Saga)			Surge 6. Constant: Your first attack each Combat with a school card cannot be stopped.	
missing	duelist_beta_a1	Dame Alder Rooke, Matriarch	Chi-Chi, the Grandmother (Lv 1, Kid Buu Saga)			Surge 1. Constant: Your Allies cannot be discarded or removed by your opponent's card effects. At the start of your turn, if you have 5 or more Allies in play, advance one Aspect.	
missing	duelist_beta_a2	Dame Alder Rooke, Rising Water	Chi-Chi (Lv 2, Saiyan Saga)			Surge 2. Power: Strike. If Sir Edric Rooke is in play, +4 Energy.	
missing	duelist_beta_a3	Dame Alder Rooke, the Flood	Chi-Chi, the Wife (Lv 3, Cell Saga)			Surge 1. Power: When entering Combat, your opponent removes all Non-Combat cards in play from the game.	
missing	duelist_delta_a1	Sable Draik, Captain	Bojack (Lv 1, Bojack Unbound)			Surge 2. Constant: Your Allies may take control of Combat at any Energy. Your attacks do +1 Energy for each Ally you have in play. Your Allies get these modifiers too.	
missing	duelist_delta_a2	Sable Draik, Shrouded	Bojack, the Villainous (Lv 2, Bojack Unbound)			Surge 3. Constant: Wounds from your attacks are removed from the game. Your Allies may take control of Combat at any Energy. Your attacks do +3 Energy. Your Allies get these modifiers too.	
missing	duelist_delta_a3	Sable Draik, Lightless	Bojack, the Notorious (Lv 3, Bojack Unbound)			Surge 5. Constant: All of your attacks are Focused. Your Allies may take control of Combat at any Energy. Your Allies get these modifiers too.	
missing	duelist_epsilon_a1	Halden Quarr, the Grinder	Broly (Lv 1, BMovie)			Surge 1. Constant: When you perform an attack, raise your Fervor 1.	
missing	duelist_epsilon_a2	Halden Quarr, Tempered	Broly, Super Saiyan (Lv 2, BMovie)			Surge 2. Constant: When entering Combat, if the top card of your discard pile is Steel, remove the top card of your discard pile from the game, raise your Fervor 2, and for the remainder of Combat, your Strikes do +2 Energy.	
missing	duelist_epsilon_a3	Halden Quarr, Ironheart	Broly, Super Saiyan (Lv 3, BMovie)			Surge 4. Power: Strike doing +4 Energy. If the top card of your discard pile is Steel, for the remainder of Combat, your attacks do +2 wounds. May be used twice per Combat.	
missing	duelist_eta_a1	Osric Thornwald, Greybeard	Piccolo (Lv 1 HT, Saiyan Saga)			Surge 1. Power: When entering Combat as the opposing player, draw the bottom card of your discard pile.	
missing	duelist_eta_a2	Osric Thornwald, Overgrown	Piccolo (Lv 2 HT, Trunks Saga)			Surge 3. Power: Strike dealing 6 wounds.	
missing	duelist_eta_a3	Osric Thornwald, Deep-Rooted	Piccolo, the Destroyer (Lv 3, Cell Saga)			Surge 3. Power: Strike doing +6 Energy. Hit: Draw the bottom card of your discard pile.	
missing	duelist_eta_a4	Osric Thornwald, Heartwood	Piccolo, the Namek (Lv 4, Cell Saga)			Surge 4. Power: Strike. Place the bottom 3 cards of your discard pile at the bottom of your Life Deck.	
missing	duelist_eta_a5	Osric Thornwald, Grovelord	Piccolo, the Defender (Lv 5, Cell Games Saga)			Surge 5. Constant: Your Strikes do +5 Energy.	
missing	duelist_gamma_a1	The Ninth Vessel, Dormant	Android 19 (Lv 1, Cell Saga)			Surge 2. Power: Stops an Art. Gain 3 Energy.	
missing	duelist_gamma_a2	The Ninth Vessel, Charged	Android 19, Recalled (Lv 2, Cell Saga)			Surge 1. Power: When entering Combat, gain 5 Energy. Defense Shield: stops the first unstopped Strike each Combat.	
missing	duelist_gamma_a3	The Ninth Vessel, Unbound	Android 19, Recharge (Lv 3, Cell Saga)			Surge 2. Power: Art. Costs 0 Energy to perform. Draw 2 cards.	
missing	duelist_zeta_a1	Caedan Vale, Last Heir	Trunks, the Swordsmaster (Lv 1 stand-in; Weaponmaster mechanics)			"Surge 2. Power: When entering Combat, look at the top 8 cards of your Life Deck. You may put a ""Sword"" card from among them into your hand. A ""Swordplay"" card may go into play instead. Shuffle the rest back."	
missing	duelist_zeta_a2	Caedan Vale, Unparried	Trunks, the Swordsman (Lv 2, Trunks Saga)			Surge 2. Power: Strike. Must be your first attack this Combat. Takes 2 stops to stop.	
missing	duelist_zeta_a3	Caedan Vale, Spellcutter	Trunks, the Mighty (Lv 3, Cell Saga)			Surge 3. Power: Strike doing +5 Energy. Hit: Your opponent may not perform Arts for the remainder of Combat.	
missing	duelist_zeta_a4	Caedan Vale, the Quiet Blade	Trunks, the Powerful (Lv 4, Cell Saga)			Surge 4. Constant: Your opponent may not perform Arts.	
missing	duelist_zeta_a5	Caedan Vale, Peerless	Trunks, the Battler (Lv 5, Cell Games Saga)			Surge 5. Power: When entering Combat as the active player, draw 3 cards.	
missing	headlong_plunge	Headlong Plunge	Uub's Headlong Plunge (KB Promo)			Endurance 2. Focused Strike doing +3 Energy. Empower 3. Raise your Fervor 1. Lower your opponent's Fervor 1. Your opponent discards an Ally in play of your choice. Gain 3 Energy. Place at the bottom of your Life Deck after use.	
missing	henchman_alpha	Vesna Draik	Zangya (Lv 1, Bojack Unbound)			Limit 1 per deck.	
missing	henchman_beta	Brann Draik	Bido (Lv 1, Bojack Unbound)			Limit 1 per deck.	
missing	henchman_delta	Halvard Draik	Kogu (Lv 1, Bojack Unbound)			Limit 1 per deck.	
missing	henchman_epsilon	Pim	Guldo (Lv 1, Frieza Saga)			Limit 1 per deck.	
missing	henchman_gamma	Quill Draik	Bujin (Lv 1, Bojack Unbound)			Limit 1 per deck.	
missing	henchman_zeta	The Fourteenth Vessel	Android 14 (Lv 1, BSMovie Promo)			Limit 1 per deck.	
missing	hilt_guard	Hilt Guard	Gohan's Hilt Guard (Cell Games Saga)			Stops a Strike. Search your discard pile for a Strike, Art, or Combat card and put it into your hand. Remove from the game after use.	
missing	lone_blade_drill	Lone Blade Drill	Lone Blade Drill (Fusion Saga)			Your Strikes do +5 Energy. Discard this Drill if you have any other Non-Combat card in play.	
missing	no_retreat_drill	No Retreat Drill	No Retreat Drill (Trunks Saga)			Neither player may use cards that end Combat. Limit 1 per deck.	
missing	open_challenge	An Open Challenge	You're Invited (Sensei deck card)			Use during your opponent's Declare step: Discard a card from your hand. Your opponent must declare Combat this turn. May begin the game in play. Remove from the game after use. Limit 1 per deck.	
missing	reckless_ascent	Reckless Ascent	Reckless Ascent (Fusion Saga)			You cannot win by Ascension for the rest of the game. Move your duelist to the aspect equal to your Fervor.	
missing	relentless_fury	Relentless Fury	Majin Buu's Fury (Buu Saga promo P3)			Strike doing +4 Energy. Empower 2. Neither player may do anything but attack or pass for the remainder of Combat. Raise your Fervor 1.	
missing	root_bolt	Root Thorn Volley	Namekian Strike (Collector's Club CC1)			Art. Search your Life Deck for an Art and put it into your hand. Remove from the game after use.	
missing	second_wind	Second Wind	Pikkon's Second Wind (Irwin)			Stops a Strike. Raise your duelist's Energy to full. Shuffle 3 cards from your discard pile into your Life Deck.	
missing	suppressing_shot	Suppressing Shot	Tien's Suppressing Shot (Frieza Saga)			Art. Hit: Your opponent may not perform Arts for the remainder of Combat.	
missing	sword_flourish	Sword Flourish	Gohan's Sword Flourish (Buu Saga)			"Focused Strike. Hit: Search your Life Deck for a ""Swordplay"" card and put it into play. Remove from the game after use."	
missing	sword_lunge	Sword Lunge	Sword Lunge (Buu Saga)			Focused Strike doing +3 Energy. Hit: Lower your opponent's Fervor 3. Remove from the game after use.	
missing	tide_high_water	Tide High Water	Blue Energy Reckless Ascent (World Games Saga)			Art dealing 5 wounds. Raise your Fervor 1. Hit: Search your Life Deck for a Grounds card and put it into play.	
missing	tide_twin_breaker	Tide Twin Breaker	Double Whammy (text not recovered; plain 5-wound Art)			Art dealing 5 wounds. If Sir Edric Rooke is in play, +4 wounds and Focused. Lower your opponent's Fervor 2. Raise your Fervor 1. If this card is discarded from your Life Deck, at the start of the next fight-back phase this turn, you may search your Life Deck for an Ally and put it into play.	
missing	warding_drill	Warding Drill	Black Water Warding Drill (Trunks Saga)			Neither player may place Seals. Limit 1 per deck.	
