boss	freestyle_swords	pyre_ascent	1	true	true	survival	10	
boss	freestyle_swords	pyre_attrition	1	true	true	survival	13	
boss	freestyle_swords	pyre_beatdown	1	true	true	survival	11	
boss	freestyle_swords	root_seals	1	true	true	survival	20	
boss	freestyle_swords	shade_henchmen	1	true	true	survival	8	
boss	freestyle_swords	shade_mind_siege	1	true	false	survival	10	
boss	freestyle_swords	shade_salvage	1	true	true	survival	11	
boss	freestyle_swords	steel_beatdown	1	true	true	survival	10	
boss	freestyle_swords	steel_heir	1	true	true	survival	9	
boss	freestyle_swords	storm_unbound	1	true	true	survival	8	
boss	freestyle_swords	storm_volley	1	true	true	survival	11	
boss	freestyle_swords	tide_companions	1	true	true	survival	5	
boss	freestyle_swords	tide_deepwater	1	true	true	survival	9	
boss	pyre_ascent	pyre_attrition	1	true	true	ascension	15	
boss	pyre_ascent	pyre_beatdown	1	true	false	survival	9	
boss	pyre_ascent	root_seals	1	true	false	seal	20	
boss	pyre_ascent	shade_henchmen	1	true	true	survival	9	
boss	pyre_ascent	shade_mind_siege	1	true	false	survival	9	
boss	pyre_ascent	shade_salvage	1	true	true	survival	9	
boss	pyre_ascent	steel_beatdown	1	true	false	survival	8	
boss	pyre_ascent	steel_heir	1	true	true	survival	10	
boss	pyre_ascent	storm_unbound	1	true	false	survival	16	
boss	pyre_ascent	storm_volley	1	true	true	survival	12	
boss	pyre_ascent	tide_companions	1	true	false	survival	12	
boss	pyre_ascent	tide_deepwater	1	true	true	survival	14	
boss	pyre_attrition	pyre_beatdown	1	true	true	ascension	6	
boss	pyre_attrition	root_seals	1	true	true	ascension	26	
boss	pyre_attrition	shade_henchmen	1	true	true	survival	6	
boss	pyre_attrition	shade_mind_siege	1	true	false	survival	12	
boss	pyre_attrition	shade_salvage	1	true	true	ascension	8	
boss	pyre_attrition	steel_beatdown	1	true	false	survival	5	
boss	pyre_attrition	steel_heir	1	true	true	survival	11	
boss	pyre_attrition	storm_unbound	1	true	true	ascension	8	
boss	pyre_attrition	storm_volley	1	true	true	ascension	6	
boss	pyre_attrition	tide_companions	1	true	true	survival	9	
boss	pyre_attrition	tide_deepwater	1	true	true	survival	12	
boss	pyre_beatdown	root_seals	1	true	false	survival	26	
boss	pyre_beatdown	shade_henchmen	1	true	true	survival	10	
boss	pyre_beatdown	shade_mind_siege	1	true	false	survival	10	
boss	pyre_beatdown	shade_salvage	1	true	true	survival	11	
boss	pyre_beatdown	steel_beatdown	1	true	false	survival	4	
boss	pyre_beatdown	steel_heir	1	true	false	survival	12	
boss	pyre_beatdown	storm_unbound	1	true	false	survival	10	
boss	pyre_beatdown	storm_volley	1	true	false	survival	9	
boss	pyre_beatdown	tide_companions	1	true	true	survival	8	
boss	pyre_beatdown	tide_deepwater	1	true	true	survival	8	
boss	root_seals	shade_henchmen	1	true	false	survival	18	
boss	root_seals	shade_mind_siege	1	true	false	survival	16	
boss	root_seals	shade_salvage	1	true	false	seal	20	
boss	root_seals	steel_beatdown	1	true	false	survival	18	
boss	root_seals	steel_heir	1	true	true	survival	18	
boss	root_seals	storm_unbound	1	true	false	survival	24	
boss	root_seals	storm_volley	1	true	true	seal	13	
boss	root_seals	tide_companions	1	true	true	survival	18	
boss	root_seals	tide_deepwater	1	true	true	survival	19	
boss	shade_henchmen	shade_mind_siege	1	true	false	survival	5	
boss	shade_henchmen	shade_salvage	1	true	false	survival	9	
boss	shade_henchmen	steel_beatdown	1	true	false	survival	6	
boss	shade_henchmen	steel_heir	1	true	false	survival	14	
boss	shade_henchmen	storm_unbound	1	true	true	survival	8	
boss	shade_henchmen	storm_volley	1	true	true	survival	10	
boss	shade_henchmen	tide_companions	1	true	true	survival	7	
boss	shade_henchmen	tide_deepwater	1	true	true	survival	6	
boss	shade_mind_siege	shade_salvage	1	true	true	survival	10	
boss	shade_mind_siege	steel_beatdown	1	true	true	survival	8	
boss	shade_mind_siege	steel_heir	1	true	true	survival	12	
boss	shade_mind_siege	storm_unbound	1	true	false	survival	15	
boss	shade_mind_siege	storm_volley	1	true	true	survival	14	
boss	shade_mind_siege	tide_companions	1	true	true	survival	7	
boss	shade_mind_siege	tide_deepwater	1	true	true	survival	13	
boss	shade_salvage	steel_beatdown	1	true	false	survival	4	
boss	shade_salvage	steel_heir	1	true	false	survival	7	
boss	shade_salvage	storm_unbound	1	true	false	survival	11	
boss	shade_salvage	storm_volley	1	true	false	survival	10	
boss	shade_salvage	tide_companions	1	true	false	survival	11	
boss	shade_salvage	tide_deepwater	1	true	false	survival	14	
boss	steel_beatdown	steel_heir	1	true	true	survival	5	
boss	steel_beatdown	storm_unbound	1	true	true	survival	10	
boss	steel_beatdown	storm_volley	1	true	true	survival	4	
boss	steel_beatdown	tide_companions	1	true	true	survival	7	
boss	steel_beatdown	tide_deepwater	1	true	true	survival	8	
boss	steel_heir	storm_unbound	1	true	true	survival	12	
boss	steel_heir	storm_volley	1	true	true	survival	12	
boss	steel_heir	tide_companions	1	true	true	survival	13	
boss	steel_heir	tide_deepwater	1	true	false	survival	9	
boss	storm_unbound	storm_volley	1	true	true	ascension	8	
boss	storm_unbound	tide_companions	1	true	true	survival	15	
boss	storm_unbound	tide_deepwater	1	true	true	survival	11	
boss	storm_volley	tide_companions	1	true	true	survival	8	
boss	storm_volley	tide_deepwater	1	true	false	survival	6	
boss	tide_companions	tide_deepwater	1	true	false	survival	9	
