t3	freestyle_swords	pyre_ascent	0	true	true	survival	6	
t3	freestyle_swords	pyre_attrition	0	true	true	survival	5	
t3	freestyle_swords	pyre_beatdown	0	true	true	survival	7	
t3	freestyle_swords	root_seals	0	true	false	seal	14	
t3	freestyle_swords	shade_henchmen	0	true	true	survival	5	
t3	freestyle_swords	shade_mind_siege	0	true	false	survival	9	
t3	freestyle_swords	shade_salvage	0	true	true	survival	6	
t3	freestyle_swords	steel_beatdown	0	true	false	survival	7	
t3	freestyle_swords	steel_heir	0	true	true	survival	7	
t3	freestyle_swords	storm_unbound	0	true	true	survival	9	
t3	freestyle_swords	storm_volley	0	true	true	survival	8	
t3	freestyle_swords	tide_companions	0	true	true	survival	12	
t3	freestyle_swords	tide_deepwater	0	true	true	survival	8	
t3	pyre_ascent	pyre_attrition	0	true	false	survival	8	
t3	pyre_ascent	pyre_beatdown	0	true	false	ascension	7	
t3	pyre_ascent	root_seals	0	true	false	seal	19	
t3	pyre_ascent	shade_henchmen	0	true	false	survival	6	
t3	pyre_ascent	shade_mind_siege	0	true	false	survival	8	
t3	pyre_ascent	shade_salvage	0	true	false	survival	13	
t3	pyre_ascent	steel_beatdown	0	true	false	survival	4	
t3	pyre_ascent	steel_heir	0	true	false	survival	8	
t3	pyre_ascent	storm_unbound	0	true	true	ascension	11	
t3	pyre_ascent	storm_volley	0	true	true	survival	10	
t3	pyre_ascent	tide_companions	0	true	false	survival	14	
t3	pyre_ascent	tide_deepwater	0	true	false	survival	6	
t3	pyre_attrition	pyre_beatdown	0	true	true	survival	7	
t3	pyre_attrition	root_seals	0	true	true	survival	16	
t3	pyre_attrition	shade_henchmen	0	true	true	ascension	5	
t3	pyre_attrition	shade_mind_siege	0	true	true	survival	10	
t3	pyre_attrition	shade_salvage	0	true	true	ascension	6	
t3	pyre_attrition	steel_beatdown	0	true	false	survival	6	
t3	pyre_attrition	steel_heir	0	true	true	ascension	5	
t3	pyre_attrition	storm_unbound	0	true	true	survival	8	
t3	pyre_attrition	storm_volley	0	true	false	survival	6	
t3	pyre_attrition	tide_companions	0	true	true	ascension	10	
t3	pyre_attrition	tide_deepwater	0	true	true	survival	6	
t3	pyre_beatdown	root_seals	0	true	true	ascension	18	
t3	pyre_beatdown	shade_henchmen	0	true	false	survival	5	
t3	pyre_beatdown	shade_mind_siege	0	true	false	survival	9	
t3	pyre_beatdown	shade_salvage	0	true	true	survival	8	
t3	pyre_beatdown	steel_beatdown	0	true	true	ascension	7	
t3	pyre_beatdown	steel_heir	0	true	true	ascension	6	
t3	pyre_beatdown	storm_unbound	0	true	true	survival	6	
t3	pyre_beatdown	storm_volley	0	true	true	ascension	5	
t3	pyre_beatdown	tide_companions	0	true	true	survival	13	
t3	pyre_beatdown	tide_deepwater	0	true	true	survival	9	
t3	root_seals	shade_henchmen	0	true	false	survival	10	
t3	root_seals	shade_mind_siege	0	true	true	survival	18	
t3	root_seals	shade_salvage	0	true	true	survival	20	
t3	root_seals	steel_beatdown	0	true	false	survival	8	
t3	root_seals	steel_heir	0	true	false	survival	14	
t3	root_seals	storm_unbound	0	true	true	survival	18	
t3	root_seals	storm_volley	0	true	true	survival	22	
t3	root_seals	tide_companions	0	true	true	survival	19	
t3	root_seals	tide_deepwater	0	true	true	survival	15	
t3	shade_henchmen	shade_mind_siege	0	true	false	survival	7	
t3	shade_henchmen	shade_salvage	0	true	true	survival	8	
t3	shade_henchmen	steel_beatdown	0	true	false	survival	6	
t3	shade_henchmen	steel_heir	0	true	true	survival	5	
t3	shade_henchmen	storm_unbound	0	true	false	survival	10	
t3	shade_henchmen	storm_volley	0	true	true	survival	8	
t3	shade_henchmen	tide_companions	0	true	true	survival	10	
t3	shade_henchmen	tide_deepwater	0	true	true	survival	6	
t3	shade_mind_siege	shade_salvage	0	true	true	survival	9	
t3	shade_mind_siege	steel_beatdown	0	true	false	survival	5	
t3	shade_mind_siege	steel_heir	0	true	true	survival	8	
t3	shade_mind_siege	storm_unbound	0	true	true	survival	9	
t3	shade_mind_siege	storm_volley	0	true	true	survival	10	
t3	shade_mind_siege	tide_companions	0	true	true	survival	11	
t3	shade_mind_siege	tide_deepwater	0	true	true	survival	4	
t3	shade_salvage	steel_beatdown	0	true	false	survival	7	
t3	shade_salvage	steel_heir	0	true	true	survival	11	
t3	shade_salvage	storm_unbound	0	true	false	survival	11	
t3	shade_salvage	storm_volley	0	true	false	survival	9	
t3	shade_salvage	tide_companions	0	true	false	survival	6	
t3	shade_salvage	tide_deepwater	0	true	false	survival	3	
t3	steel_beatdown	steel_heir	0	true	true	survival	4	
t3	steel_beatdown	storm_unbound	0	true	true	survival	8	
t3	steel_beatdown	storm_volley	0	true	true	ascension	6	
t3	steel_beatdown	tide_companions	0	true	true	survival	6	
t3	steel_beatdown	tide_deepwater	0	true	true	survival	6	
t3	steel_heir	storm_unbound	0	true	false	survival	10	
t3	steel_heir	storm_volley	0	true	false	survival	7	
t3	steel_heir	tide_companions	0	true	false	survival	12	
t3	steel_heir	tide_deepwater	0	true	false	survival	7	
t3	storm_unbound	storm_volley	0	true	true	ascension	9	
t3	storm_unbound	tide_companions	0	true	false	survival	16	
t3	storm_unbound	tide_deepwater	0	true	false	survival	7	
t3	storm_volley	tide_companions	0	true	true	survival	10	
t3	storm_volley	tide_deepwater	0	true	false	survival	7	
t3	tide_companions	tide_deepwater	0	true	false	survival	9	
