a_deck	b_deck	a_seat	winner_side	reason	turn	a_life_start	b_life_start	a_life	a_seals_missing	a_asc_left	b_life	b_seals_missing	b_asc_left	a_decisions	a_ms	b_decisions	b_ms
freestyle_swords	pyre_beatdown	0	a	survival	3	78	78	39	7	0.960	0	7	1.000	32	16659.3	23	7667.2
freestyle_swords	shade_mind_siege	0	a	survival	5	78	76	19	7	0.960	0	7	1.000	53	26028.9	51	23887.4
freestyle_swords	steel_heir	0	a	survival	6	78	79	36	6	0.800	0	7	1.000	58	31370.3	46	24704.6
freestyle_swords	tide_companions	0	a	survival	9	78	78	27	7	0.900	0	7	1.000	77	43006.6	117	64326.1
pyre_ascent	pyre_attrition	0	b	survival	7	79	76	0	6	0.480	59	7	0.360	42	19249.2	44	21371.7
pyre_ascent	shade_henchmen	0	b	survival	6	79	80	0	7	0.760	37	7	1.000	35	17777.3	41	18243.7
pyre_ascent	steel_beatdown	0	b	survival	4	79	80	1	7	1.000	55	5	0.267	18	9621.7	33	15576.9
pyre_ascent	storm_volley	0	a	ascension	5	79	79	26	7	0.400	53	7	1.000	30	13999.2	47	21740.2
pyre_attrition	freestyle_swords	0	a	survival	11	76	78	25	7	0.200	0	7	0.880	71	32334.6	95	49457.0
pyre_attrition	root_seals	0	b	seal	18	76	84	30	7	0.080	42	0	0.800	67	29822.5	110	59953.4
pyre_attrition	shade_salvage	0	a	ascension	5	76	80	52	7	0.200	25	7	1.000	39	17544.7	56	31326.9
pyre_attrition	storm_unbound	0	a	ascension	4	76	81	55	7	0.400	31	7	1.000	33	13451.3	37	20523.2
pyre_attrition	tide_deepwater	0	a	survival	6	76	75	37	7	0.480	1	7	1.000	42	18673.4	44	21228.0
pyre_beatdown	pyre_attrition	0	b	ascension	6	78	76	42	7	0.667	13	7	0.400	65	31896.4	45	20012.5
pyre_beatdown	shade_mind_siege	0	b	survival	10	78	76	0	7	0.267	1	7	1.000	85	38915.5	89	45364.2
pyre_beatdown	steel_heir	0	a	survival	5	78	79	30	7	0.667	1	7	1.000	50	21508.5	40	21688.1
pyre_beatdown	tide_companions	0	a	survival	8	78	78	33	7	0.889	0	7	1.000	52	23678.8	90	49041.2
root_seals	pyre_ascent	0	a	survival	24	84	79	38	1	1.000	0	7	0.680	131	70267.8	70	32785.7
root_seals	shade_henchmen	0	a	seal	15	84	80	31	0	0.920	48	7	0.800	78	42742.1	93	50650.4
root_seals	steel_beatdown	0	b	survival	17	84	80	2	2	1.000	11	7	0.467	130	74669.5	78	38936.4
root_seals	storm_volley	0	b	survival	17	84	79	0	2	1.000	11	5	1.000	98	54816.5	80	36687.8
shade_henchmen	freestyle_swords	0	b	survival	6	80	78	2	7	0.933	47	7	0.960	50	26515.0	59	30515.8
shade_henchmen	pyre_beatdown	0	a	survival	7	80	78	12	7	0.933	0	7	0.667	98	55334.4	50	22412.8
shade_henchmen	shade_salvage	0	a	survival	4	80	80	40	7	0.800	1	7	1.000	42	19556.2	34	19255.0
shade_henchmen	storm_unbound	0	a	survival	6	80	81	54	7	1.000	0	7	1.000	62	33334.6	36	18652.0
shade_henchmen	tide_deepwater	0	a	survival	5	80	75	33	6	0.800	2	7	1.000	66	34555.1	62	32088.5
shade_mind_siege	pyre_attrition	0	b	ascension	9	76	76	20	7	1.000	38	7	0.200	71	35483.1	55	24428.9
shade_mind_siege	shade_henchmen	0	a	survival	6	76	80	46	7	0.850	0	7	1.000	50	20838.9	43	22298.0
shade_mind_siege	steel_heir	0	a	survival	5	76	79	60	6	0.950	0	7	1.000	31	14260.7	22	11445.3
shade_mind_siege	tide_companions	0	a	survival	5	76	78	41	7	1.000	0	7	1.000	33	13651.9	63	34921.7
shade_salvage	pyre_ascent	0	a	survival	8	80	79	9	7	1.000	1	7	0.320	87	48005.6	51	25674.1
shade_salvage	root_seals	0	b	seal	16	80	84	18	7	0.950	7	0	0.880	105	58427.2	101	56220.7
shade_salvage	steel_beatdown	0	b	survival	5	80	80	0	7	1.000	51	7	0.533	31	17488.4	36	17817.4
shade_salvage	storm_volley	0	b	survival	6	80	79	1	7	0.750	43	7	1.000	40	22282.2	44	20232.5
steel_beatdown	freestyle_swords	0	a	survival	5	80	78	41	7	0.600	0	7	0.800	46	21289.9	46	25890.5
steel_beatdown	pyre_beatdown	0	b	survival	6	80	78	0	7	0.533	0	6	0.333	55	26564.0	63	29515.0
steel_beatdown	shade_mind_siege	0	a	survival	7	80	76	20	6	0.267	0	7	1.000	56	25459.5	72	34597.1
steel_beatdown	storm_unbound	0	a	survival	5	80	81	44	7	0.467	1	7	0.933	43	20613.5	31	15713.8
steel_beatdown	tide_deepwater	0	a	survival	5	80	75	34	7	0.667	3	7	1.000	43	21722.6	37	17470.6
steel_heir	pyre_attrition	0	b	survival	4	79	76	1	7	1.000	56	7	0.280	34	18675.5	34	14935.9
steel_heir	shade_henchmen	0	a	survival	5	79	80	34	7	0.840	2	7	1.000	44	24901.1	48	24932.2
steel_heir	steel_beatdown	0	b	survival	4	79	80	1	7	0.960	58	7	0.533	23	12639.8	34	16048.0
steel_heir	tide_companions	0	a	survival	7	79	78	27	7	0.933	0	7	1.000	56	29489.5	90	51425.6
storm_unbound	pyre_ascent	0	a	survival	10	81	79	43	7	0.267	1	7	0.600	56	25665.4	45	20906.8
storm_unbound	root_seals	0	b	survival	23	81	84	0	7	0.333	8	2	1.000	90	43399.1	141	75908.1
storm_unbound	shade_salvage	0	b	survival	9	81	80	1	7	0.333	3	7	1.000	47	21714.3	85	47876.2
storm_unbound	storm_volley	0	a	survival	10	81	79	24	7	0.933	3	7	1.000	49	21747.3	50	21255.2
storm_volley	freestyle_swords	0	b	survival	4	79	78	0	7	1.000	45	7	0.760	25	8082.1	32	17017.5
storm_volley	pyre_beatdown	0	a	survival	4	79	78	6	6	1.000	0	7	0.533	60	27995.6	49	25410.3
storm_volley	shade_mind_siege	0	b	survival	5	79	76	2	7	1.000	66	7	1.000	30	12864.3	28	11601.5
storm_volley	steel_heir	0	b	survival	7	79	79	3	7	1.000	31	7	0.960	39	17298.1	41	21424.6
storm_volley	tide_deepwater	0	b	survival	9	79	75	2	7	1.000	32	6	1.000	54	24414.3	58	26294.4
tide_companions	pyre_attrition	0	a	survival	7	78	76	9	7	0.933	0	7	0.733	96	51647.3	46	23240.7
tide_companions	shade_henchmen	0	b	survival	5	78	80	0	7	1.000	32	7	1.000	66	36941.0	64	32783.2
tide_companions	steel_beatdown	0	b	survival	3	78	80	0	7	1.000	34	6	0.667	75	40546.9	33	18281.3
tide_companions	storm_volley	0	b	survival	10	78	79	0	7	0.667	30	7	1.000	104	57496.3	64	28824.2
tide_deepwater	pyre_ascent	0	a	survival	9	75	79	17	6	1.000	1	7	0.360	73	35514.3	47	23889.1
tide_deepwater	root_seals	0	a	survival	30	75	84	10	7	1.000	0	1	0.960	128	60708.8	210	118050.8
tide_deepwater	shade_salvage	0	a	survival	10	75	80	21	6	1.000	0	6	1.000	67	32599.6	73	42125.1
tide_deepwater	storm_unbound	0	b	survival	12	75	81	0	7	1.000	7	6	0.667	97	45853.6	85	41295.4
